Game ID                             	  ground	  low in air	  high in air	  defending half	  attacking half	  defending third	  neutral third	  attacking third	  behind ball	  in front of ball	  near wall	  in corner	  on wall	  full boost	  low boost	  no boost	  closest to ball	  close to ball	  furthest from ball	  slow speed	  boost speed	  supersonic	  carrying ball
7a77846f-d8bf-4051-a2b3-801afa370133	 141.194	     68.4044	      2.21371	          114.12	         110.546	          81.4564	          64.07	          79.1399	      157.897	           66.7695	    52.7712	    3.53171	  52.7712	     25.2187	    47.8331	   23.1587	          57.5692	        24.0707	             77.1903	     16.5129	      134.389	     26.7469	        1.20199
b24f403b-0a09-4be4-a670-4e709068dc43	 179.945	     119.032	      4.02508	         177.872	          142.93	          121.241	        112.392	           87.169	      229.268	           91.5345	    74.4952	    2.25602	  74.4952	     23.3877	    136.183	   59.6517	          62.3455	        30.6015	             90.9793	     29.7886	      211.281	     56.6167	              0
5cbec50f-d7c6-4900-9c0d-934b43208843	 183.419	     112.432	      6.57608	         204.043	         117.136	           146.42	        104.088	          70.6716	      227.383	            93.796	    85.4917	    2.09733	  85.4917	     32.7025	    90.5515	   30.7526	          58.6687	        20.3214	             98.0026	     33.9911	      185.602	     53.8828	              0
ac24c4bc-18b5-42d1-bed9-7d78a3ad0a2e	 177.487	     104.117	      4.89064	         206.005	         90.0453	          147.318	        100.186	          48.5459	      228.981	           67.0685	    77.5844	     7.5258	  77.5844	     41.5353	    47.9866	   16.3906	          61.5601	        19.7779	             95.7032	     32.7286	      170.505	      45.783	        2.12057
57c58793-a351-4c10-b216-2d877d5d8e74	 181.628	      119.19	       0.3658	          216.17	         101.413	           167.57	        87.8828	          62.1305	      239.779	           77.8045	    79.3592	    7.36732	  79.3592	     33.8507	     94.793	   33.1137	          71.6249	        28.5732	             99.4992	     29.3974	      191.237	     39.5952	        1.99904