Game ID                             	  ground	  low in air	  high in air	  defending half	  attacking half	  defending third	  neutral third	  attacking third	  behind ball	  in front of ball	  near wall	  in corner	  on wall	  full boost	  low boost	  no boost	  closest to ball	  close to ball	  furthest from ball	  slow speed	  boost speed	  supersonic	  carrying ball
dd07ada5-8b8f-4996-8b3e-7634fcd876c7	  264.18	     127.548	      4.22339	          214.46	         194.328	          164.951	        125.419	          118.418	      317.375	            91.413	    93.1174	     4.3689	  93.1174	     62.8616	    102.445	   26.7248	          94.9276	        35.6798	             103.701	      46.469	      235.182	     58.3709	              0
6ac345b8-47a8-437c-9ca3-d3aef2ff4bbb	 186.469	     111.486	      3.82399	         215.939	         103.136	          165.334	        98.8576	          54.8834	      255.799	           63.2757	    74.5256	    4.84206	  74.5256	     34.3379	     94.821	   32.4825	          89.2905	        30.4422	             66.2597	     33.4165	      180.234	     51.1168	        1.31182