Game ID                             	  ground	  low in air	  high in air	  defending half	  attacking half	  defending third	  neutral third	  attacking third	  behind ball	  in front of ball	  near wall	  in corner	  on wall	  full boost	  low boost	  no boost	  closest to ball	  close to ball	  furthest from ball	  slow speed	  boost speed	  supersonic	  carrying ball
3d7aea68-9eaf-458d-bd46-a84045d71c87	 177.552	     118.991	      1.60308	         213.086	         96.9967	          181.418	        66.5936	           62.071	      208.137	           101.946	    90.6679	    6.99118	  90.6679	     28.7648	    96.8496	   35.2789	          79.2624	        27.9188	             93.0018	     33.7977	      193.983	     55.3754	        1.63678
e286e936-75e9-4a41-9542-fb13a7272824	 238.161	      148.34	      2.03279	         267.265	         145.157	          210.326	        123.041	          79.0541	      311.849	           100.572	    116.081	    7.46617	  116.081	     30.1759	    151.011	   67.7236	          84.9712	        30.4654	             134.151	     41.2466	      264.188	     77.0848	              0