Game ID                             	  ground	  low in air	  high in air	  defending half	  attacking half	  defending third	  neutral third	  attacking third	  behind ball	  in front of ball	  near wall	  in corner	  on wall	  full boost	  low boost	  no boost	  closest to ball	  close to ball	  furthest from ball	  slow speed	  boost speed	  supersonic	  carrying ball
dd07ada5-8b8f-4996-8b3e-7634fcd876c7	 294.948	     102.595	            0	         222.473	         186.315	           141.29	        159.969	          107.529	      298.386	           110.402	    61.2047	    3.05912	  61.2047	     57.7556	    90.6278	   28.9416	          95.0123	        32.0571	             112.796	     70.8002	      153.308	     24.5388	              0
6ac345b8-47a8-437c-9ca3-d3aef2ff4bbb	 230.444	     73.9954	      3.53232	          211.47	         107.604	          139.334	         131.65	          48.0901	      224.387	           94.6876	    69.1864	    2.11225	  69.1864	     73.9305	    88.2159	   32.0435	          59.4464	        23.6435	             94.9746	     46.7183	      149.587	     35.0616	              0