Game ID                             	  ground	  low in air	  high in air	  defending half	  attacking half	  defending third	  neutral third	  attacking third	  behind ball	  in front of ball	  near wall	  in corner	  on wall	  full boost	  low boost	  no boost	  closest to ball	  close to ball	  furthest from ball	  slow speed	  boost speed	  supersonic	  carrying ball
3d7aea68-9eaf-458d-bd46-a84045d71c87	 190.197	     102.458	      2.89762	          188.06	         122.023	          140.733	        99.9412	          69.4083	       197.62	           112.463	     74.661	    6.73403	   74.661	     49.2298	    88.7418	   20.2494	          82.2518	        27.5757	             54.8706	     41.1523	      145.142	     25.4965	              0
e286e936-75e9-4a41-9542-fb13a7272824	 281.471	     117.772	      1.63609	         249.282	         164.227	          171.072	        150.457	            91.98	      280.879	            132.63	    82.9916	    2.33026	  82.9916	     50.6993	    126.455	   56.1244	          102.268	         38.856	             88.5472	     56.7296	        216.3	     57.9809	        2.00189