Game ID                             	  ground	  low in air	  high in air	  defending half	  attacking half	  defending third	  neutral third	  attacking third	  behind ball	  in front of ball	  near wall	  in corner	  on wall	  full boost	  low boost	  no boost	  closest to ball	  close to ball	  furthest from ball	  slow speed	  boost speed	  supersonic	  carrying ball
7a77846f-d8bf-4051-a2b3-801afa370133	 149.425	     71.4165	            0	         119.475	         105.191	          89.7613	        67.8434	          67.0615	       175.54	           49.1265	    48.4049	     1.3131	  48.4049	     27.8917	    73.7338	     40.34	          49.1698	        24.5092	             55.7332	     40.6216	      98.6726	     8.34427	        1.74724
b24f403b-0a09-4be4-a670-4e709068dc43	 216.725	      82.987	      2.29783	         188.525	         132.165	          130.108	        110.941	          79.6413	      220.464	           100.226	    73.7239	    4.99244	  73.7239	     50.4787	    108.054	   57.3508	          70.9786	        26.1441	             96.9701	     45.4615	      180.489	     36.7944	              0
5cbec50f-d7c6-4900-9c0d-934b43208843	 196.518	     113.801	            0	          187.61	         133.569	          126.913	        108.543	          85.7225	      208.363	           112.816	    62.9591	     7.9646	  62.9591	     29.7403	    91.7454	    33.607	          92.4356	        37.1205	             70.3989	     41.0335	      170.396	     43.5217	              0
ac24c4bc-18b5-42d1-bed9-7d78a3ad0a2e	 208.239	      86.447	      6.07242	          208.09	         104.643	           159.84	        95.8448	           57.048	      216.925	           95.8082	     72.453	    3.74711	   72.453	     64.1146	    84.8034	    34.691	          69.2184	        30.8182	              69.578	     53.0617	      141.861	     40.2455	              0
57c58793-a351-4c10-b216-2d877d5d8e74	 219.692	     78.2492	      1.17443	          196.31	         118.231	          143.437	        97.8079	          73.2964	      228.652	           85.8892	    65.7106	    4.19082	  65.7106	      59.698	    62.7385	    30.021	          71.0861	         32.252	             78.4683	     55.4884	      137.952	     34.0514	        2.23899