,shot_taker_name,is_orange,time,xg,goal
0,enpitsu,0,20,0.4942927,True
1,fvbio._,1,28,0.025487222,False
2,games5425898691,0,79,0.3810877,False
3,goldenhaz,1,133,0.31253028,True
4,goldenhaz,1,141,0.17230509,False
5,games5425898691,0,176,0.53771544,True
6,enpitsu,0,176,0.78722167,False
7,fvbio._,1,262,0.19698225,False
8,fvbio._,1,286,0.065870546,True
