,shot_taker_name,is_orange,time,xg,goal
0,enpitsu,0,20,0.3099651,True
1,fvbio._,1,28,0.005848313,False
2,games5425898691,0,79,0.25083935,False
3,goldenhaz,1,133,0.21610574,True
4,goldenhaz,1,141,0.16554764,False
5,games5425898691,0,176,0.77182305,True
6,enpitsu,0,176,0.7139631,False
7,fvbio._,1,262,0.110305406,False
8,fvbio._,1,286,0.080953985,True
