,shot_taker_name,is_orange,time,xg,goal
0,enpitsu,0,20,0.5007258,True
1,fvbio._,1,28,0.0641453,False
2,games5425898691,0,79,0.29263443,False
3,goldenhaz,1,133,0.3575337,True
4,goldenhaz,1,141,0.2015477,False
5,games5425898691,0,176,0.56604743,True
6,enpitsu,0,176,0.71733725,False
7,fvbio._,1,262,0.16852072,False
8,fvbio._,1,286,0.1029915,True
