,shot_taker_name,is_orange,time,xg,goal
0,enpitsu,0,20,0.35245743,True
1,fvbio._,1,28,0.05203857,False
2,games5425898691,0,79,0.39995003,False
3,goldenhaz,1,133,0.41675457,True
4,goldenhaz,1,141,0.28341353,False
5,games5425898691,0,176,0.86695445,True
6,enpitsu,0,176,0.7727193,False
7,fvbio._,1,262,0.27666494,False
8,fvbio._,1,286,0.18911475,True
