,shot_taker_name,is_orange,time,xg,goal
0,enpitsu,0,20,0.466462,True
1,fvbio._,1,28,0.042347107,False
2,games5425898691,0,79,0.18765415,False
3,goldenhaz,1,133,0.64076614,True
4,goldenhaz,1,141,0.13108532,False
5,games5425898691,0,176,0.59123063,True
6,enpitsu,0,176,0.6794027,False
7,fvbio._,1,262,0.36116338,False
8,fvbio._,1,286,0.15730505,True
