,shot_taker_name,is_orange,time,xg,goal
0,enpitsu,0,20,0.19559497,True
1,fvbio._,1,28,0.08168016,False
2,games5425898691,0,79,0.24059954,False
3,goldenhaz,1,133,0.267011,True
4,goldenhaz,1,141,0.1272471,False
5,games5425898691,0,176,0.9281846,True
6,enpitsu,0,176,0.7905906,False
7,fvbio._,1,262,0.11292149,False
8,fvbio._,1,286,0.0631705,True
