,shot_taker_name,is_orange,time,xg,goal
0,enpitsu,0,20,0.8030626,True
1,fvbio._,1,28,0.07085939,False
2,games5425898691,0,79,0.14625004,False
3,goldenhaz,1,133,0.4862516,True
4,goldenhaz,1,141,0.13151023,False
5,games5425898691,0,176,0.65199226,True
6,enpitsu,0,176,0.7097145,False
7,fvbio._,1,262,0.37898788,False
8,fvbio._,1,286,0.22090623,True
