,shot_taker_name,is_orange,time,xg,goal
0,enpitsu,0,20,0.79187787,True
1,fvbio._,1,28,0.025270527,False
2,games5425898691,0,79,0.23509155,False
3,goldenhaz,1,133,0.27462053,True
4,goldenhaz,1,141,0.12988313,False
5,games5425898691,0,176,0.5913484,True
6,enpitsu,0,176,0.5152343,False
7,fvbio._,1,262,0.12834854,False
8,fvbio._,1,286,0.14598282,True
