,shot_taker_name,is_orange,time,xg,goal
0,DENsilv9,0,0,0.0036096144,False
1,games5425898691,1,30,0.8596,True
2,AdriBF11,0,31,0.003966292,False
3,DENsilv9,0,53,0.8327757,True
4,AdriBF11,0,85,0.44726104,False
5,AdriBF11,0,104,0.8069036,True
6,DENsilv9,0,136,0.22932953,False
7,games5425898691,1,151,0.42294788,True
8,enpitsu,1,161,0.7697603,True
9,games5425898691,1,287,0.70650923,True
