,shot_taker_name,is_orange,time,xg,goal
0,DENsilv9,0,0,0.0027026474,False
1,games5425898691,1,30,0.81537545,True
2,AdriBF11,0,31,0.0046379855,False
3,DENsilv9,0,53,0.59708947,True
4,AdriBF11,0,85,0.4836342,False
5,AdriBF11,0,104,0.7249719,True
6,DENsilv9,0,136,0.3697169,False
7,games5425898691,1,151,0.5024919,True
8,enpitsu,1,161,0.8669542,True
9,games5425898691,1,287,0.7120942,True
