,shot_taker_name,is_orange,time,xg,goal
0,DENsilv9,0,0,0.0030821403,False
1,games5425898691,1,30,0.6800081,True
2,AdriBF11,0,31,0.0027482023,False
3,DENsilv9,0,53,0.9162006,True
4,AdriBF11,0,85,0.69969857,False
5,AdriBF11,0,104,0.871188,True
6,DENsilv9,0,136,0.37927777,False
7,games5425898691,1,151,0.22861925,True
8,enpitsu,1,161,0.8251773,True
9,games5425898691,1,287,0.8107498,True
