,shot_taker_name,is_orange,time,xg,goal
0,DENsilv9,0,0,0.019367492,False
1,games5425898691,1,30,0.6784387,True
2,AdriBF11,0,31,0.008228736,False
3,DENsilv9,0,53,0.78792965,True
4,AdriBF11,0,85,0.4633563,False
5,AdriBF11,0,104,0.81007904,True
6,DENsilv9,0,136,0.40717432,False
7,games5425898691,1,151,0.30963618,True
8,enpitsu,1,161,0.8184486,True
9,games5425898691,1,287,0.8538585,True
