,shot_taker_name,is_orange,time,xg,goal
0,DENsilv9,0,0,0.019647976,False
1,games5425898691,1,30,0.86373425,True
2,AdriBF11,0,31,0.0040966263,False
3,DENsilv9,0,53,0.89356685,True
4,AdriBF11,0,85,0.13367473,False
5,AdriBF11,0,104,0.7611671,True
6,DENsilv9,0,136,0.19450463,False
7,games5425898691,1,151,0.2843998,True
8,enpitsu,1,161,0.8438302,True
9,games5425898691,1,287,0.6033953,True
