,shot_taker_name,is_orange,time,xg,goal
0,DENsilv9,0,0,0.008381182,False
1,games5425898691,1,30,0.76484716,True
2,AdriBF11,0,31,0.011533949,False
3,DENsilv9,0,53,0.7923221,True
4,AdriBF11,0,85,0.24031515,False
5,AdriBF11,0,104,0.90033805,True
6,DENsilv9,0,136,0.26681352,False
7,games5425898691,1,151,0.2331387,True
8,enpitsu,1,161,0.8805601,True
9,games5425898691,1,287,0.75509065,True
