,shot_taker_name,is_orange,time,xg,goal
0,DENsilv9,0,0,0.0012424724,False
1,games5425898691,1,30,0.89818096,True
2,AdriBF11,0,31,0.0012949291,False
3,DENsilv9,0,53,0.9631877,True
4,AdriBF11,0,85,0.10108598,False
5,AdriBF11,0,104,0.7237792,True
6,DENsilv9,0,136,0.100851186,False
7,games5425898691,1,151,0.11049682,True
8,enpitsu,1,161,0.8651543,True
9,games5425898691,1,287,0.80055696,True
