,shot_taker_name,is_orange,time,xg,goal
0,DENsilv9,0,0,0.0061061042,False
1,games5425898691,1,30,0.7985409,True
2,AdriBF11,0,31,0.0008244126,False
3,DENsilv9,0,53,0.9397852,True
4,AdriBF11,0,85,0.27064666,False
5,AdriBF11,0,104,0.846837,True
6,DENsilv9,0,136,0.0633986,False
7,games5425898691,1,151,0.096269354,True
8,enpitsu,1,161,0.91835207,True
9,games5425898691,1,287,0.828144,True
