,shot_taker_name,is_orange,time,xg,goal
0,games5425898691,0,28,0.7144486,True
1,Carlossspa7,1,31,0.42145017,True
2,DRE.PT,1,41,0.14914313,True
3,enpitsu,0,111,0.008089876,False
4,games5425898691,0,114,0.45548397,False
5,Carlossspa7,1,144,0.5442171,False
6,Carlossspa7,1,146,0.8163021,True
7,DRE.PT,1,189,0.25390914,False
8,Carlossspa7,1,200,0.13451937,False
9,Carlossspa7,1,240,0.37685144,True
10,enpitsu,0,280,0.76718163,True
11,DRE.PT,1,281,0.0035269915,False
12,DRE.PT,1,293,0.6181165,True
