,shot_taker_name,is_orange,time,xg,goal
0,games5425898691,0,28,0.7718004,True
1,Carlossspa7,1,31,0.16421436,True
2,DRE.PT,1,41,0.13186541,True
3,enpitsu,0,111,0.035231464,False
4,games5425898691,0,114,0.28036302,False
5,Carlossspa7,1,144,0.407617,False
6,Carlossspa7,1,146,0.8223324,True
7,DRE.PT,1,189,0.20284449,False
8,Carlossspa7,1,200,0.07706676,False
9,Carlossspa7,1,240,0.39774665,True
10,enpitsu,0,280,0.8393165,True
11,DRE.PT,1,281,0.004151285,False
12,DRE.PT,1,293,0.48089328,True
