,shot_taker_name,is_orange,time,xg,goal
0,games5425898691,0,0,0.0013004489,False
1,enpitsu,0,37,0.42440593,True
2,enpitsu,0,65,0.10446737,True
3,games5425898691,0,86,0.58217794,True
