,shot_taker_name,is_orange,time,xg,goal
0,games5425898691,0,0,0.0012902588,False
1,enpitsu,0,37,0.9636084,True
2,enpitsu,0,65,0.10589672,True
3,games5425898691,0,86,0.3510705,True
