,shot_taker_name,is_orange,time,xg,goal
0,games5425898691,0,0,0.0049204323,False
1,enpitsu,0,37,0.2989833,True
2,enpitsu,0,65,0.22574654,True
3,games5425898691,0,86,0.42674154,True
