,shot_taker_name,is_orange,time,xg,goal
0,games5425898691,0,0,0.015606047,False
1,enpitsu,0,37,0.5356622,True
2,enpitsu,0,65,0.24389783,True
3,games5425898691,0,86,0.59318966,True
