,shot_taker_name,is_orange,time,xg,goal
0,games5425898691,0,0,0.013857286,False
1,enpitsu,0,37,0.7832832,True
2,enpitsu,0,65,0.15967795,True
3,games5425898691,0,86,0.7095933,True
