,shot_taker_name,is_orange,time,xg,goal
0,games5425898691,0,0,0.013897405,False
1,enpitsu,0,37,0.622712,True
2,enpitsu,0,65,0.20332013,True
3,games5425898691,0,86,0.28402153,True
