,shot_taker_name,is_orange,time,xg,goal
0,games5425898691,0,0,0.0074707554,False
1,enpitsu,0,37,0.4515815,True
2,enpitsu,0,65,0.2968147,True
3,games5425898691,0,86,0.6364475,True
