,shot_taker_name,is_orange,time,xg,goal
0,panguzz,1,2,0.49606654,False
1,enpitsu,0,45,0.40514225,False
2,games5425898691,0,55,0.2877617,False
3,games5425898691,0,60,0.1355071,False
4,games5425898691,0,110,0.7230842,True
5,enpitsu,0,172,0.59058744,False
6,games5425898691,0,206,0.09317569,False
7,enpitsu,0,209,0.08817572,True
8,panguzz,1,235,0.61294425,False
9,games5425898691,0,246,0.5367931,True
