,shot_taker_name,is_orange,time,xg,goal
0,panguzz,1,2,0.48120168,False
1,enpitsu,0,45,0.26658222,False
2,games5425898691,0,55,0.18795714,False
3,games5425898691,0,60,0.028828502,False
4,games5425898691,0,110,0.88696134,True
5,enpitsu,0,172,0.6250148,False
6,games5425898691,0,206,0.14431903,False
7,enpitsu,0,209,0.12138592,True
8,panguzz,1,235,0.3901589,False
9,games5425898691,0,246,0.54805875,True
