,shot_taker_name,is_orange,time,xg,goal
0,panguzz,1,2,0.4240148,False
1,enpitsu,0,45,0.25882667,False
2,games5425898691,0,55,0.28387058,False
3,games5425898691,0,60,0.056454845,False
4,games5425898691,0,110,0.76026046,True
5,enpitsu,0,172,0.54758275,False
6,games5425898691,0,206,0.1258305,False
7,enpitsu,0,209,0.15128802,True
8,panguzz,1,235,0.43331036,False
9,games5425898691,0,246,0.6021241,True
