,shot_taker_name,is_orange,time,xg,goal
0,panguzz,1,2,0.28419325,False
1,enpitsu,0,45,0.40779948,False
2,games5425898691,0,55,0.30529484,False
3,games5425898691,0,60,0.010788099,False
4,games5425898691,0,110,0.4891117,True
5,enpitsu,0,172,0.6131114,False
6,games5425898691,0,206,0.05455258,False
7,enpitsu,0,209,0.11746503,True
8,panguzz,1,235,0.24650736,False
9,games5425898691,0,246,0.6717366,True
