,shot_taker_name,is_orange,time,xg,goal
0,panguzz,1,2,0.57858616,False
1,enpitsu,0,45,0.21126874,False
2,games5425898691,0,55,0.2893734,False
3,games5425898691,0,60,0.033207092,False
4,games5425898691,0,110,0.7513317,True
5,enpitsu,0,172,0.68983984,False
6,games5425898691,0,206,0.113907106,False
7,enpitsu,0,209,0.12580742,True
8,panguzz,1,235,0.26425293,False
9,games5425898691,0,246,0.84358037,True
