,shot_taker_name,is_orange,time,xg,goal
0,panguzz,1,2,0.46370417,False
1,enpitsu,0,45,0.3895813,False
2,games5425898691,0,55,0.4705696,False
3,games5425898691,0,60,0.09423304,False
4,games5425898691,0,110,0.7684674,True
5,enpitsu,0,172,0.7629379,False
6,games5425898691,0,206,0.08488156,False
7,enpitsu,0,209,0.09407365,True
8,panguzz,1,235,0.61370337,False
9,games5425898691,0,246,0.7623374,True
