,shot_taker_name,is_orange,time,xg,goal
0,panguzz,1,2,0.3350198,False
1,enpitsu,0,45,0.44624916,False
2,games5425898691,0,55,0.20723625,False
3,games5425898691,0,60,0.12690218,False
4,games5425898691,0,110,0.83946884,True
5,enpitsu,0,172,0.2848828,False
6,games5425898691,0,206,0.05727456,False
7,enpitsu,0,209,0.14343949,True
8,panguzz,1,235,0.35064206,False
9,games5425898691,0,246,0.36387363,True
