,shot_taker_name,is_orange,time,xg,goal
0,marco,0,37,0.46351635,False
1,games5425898691,1,49,0.19545345,True
2,games5425898691,1,55,0.049359415,False
3,marco,0,77,0.031304136,False
4,games5425898691,1,133,0.3897855,False
5,enpitsu,1,190,0.6503946,True
6,games5425898691,1,190,0.015500715,False
7,marco,0,251,0.8249038,True
8,Banksi,0,252,0.003773108,False
