,shot_taker_name,is_orange,time,xg,goal
0,marco,0,37,0.7746899,False
1,games5425898691,1,49,0.28746104,True
2,games5425898691,1,55,0.062312044,False
3,marco,0,77,0.108436055,False
4,games5425898691,1,133,0.4081254,False
5,enpitsu,1,190,0.66381186,True
6,games5425898691,1,190,0.028005788,False
7,marco,0,251,0.77179086,True
8,Banksi,0,252,0.004590276,False
