,shot_taker_name,is_orange,time,xg,goal
0,marco,0,37,0.5875377,False
1,games5425898691,1,49,0.34797123,True
2,games5425898691,1,55,0.101392135,False
3,marco,0,77,0.0786992,False
4,games5425898691,1,133,0.12874267,False
5,enpitsu,1,190,0.5474177,True
6,games5425898691,1,190,0.0048328605,False
7,marco,0,251,0.6021597,True
8,Banksi,0,252,0.0020056702,False
