,shot_taker_name,is_orange,time,xg,goal
0,marco,0,37,0.8588248,False
1,games5425898691,1,49,0.29098812,True
2,games5425898691,1,55,0.11159791,False
3,marco,0,77,0.054108787,False
4,games5425898691,1,133,0.20432274,False
5,enpitsu,1,190,0.48840126,True
6,games5425898691,1,190,0.020806609,False
7,marco,0,251,0.82466495,True
8,Banksi,0,252,0.0038883975,False
