,shot_taker_name,is_orange,time,xg,goal
0,Sane,1,29.0,0.451369,False
1,games5425898691,0,59.0,0.12012608,False
2,SPUDLEYMONK UK,1,74.0,0.32157046,True
3,Sane,1,106.0,0.027761446,False
4,Sane,1,106.0,0.2120705,False
5,Sane,1,130.0,0.5311455,True
6,enpitsu,0,207.0,0.101123594,False
7,enpitsu,0,209.0,0.67147774,True
8,Sane,1,251.0,0.8480476,True
9,games5425898691,0,280.0,0.7910915,True
10,SPUDLEYMONK UK,1,294.0,0.67381907,False
11,games5425898691,0,298.0,0.16465844,False
