,shot_taker_name,is_orange,time,xg,goal
0,Sane,1,29.0,0.39293104,False
1,games5425898691,0,59.0,0.105945125,False
2,SPUDLEYMONK UK,1,74.0,0.3743232,True
3,Sane,1,106.0,0.012380613,False
4,Sane,1,106.0,0.27395952,False
5,Sane,1,130.0,0.5383939,True
6,enpitsu,0,207.0,0.16985457,False
7,enpitsu,0,209.0,0.47385383,True
8,Sane,1,251.0,0.89809626,True
9,games5425898691,0,280.0,0.7311274,True
10,SPUDLEYMONK UK,1,294.0,0.66958535,False
11,games5425898691,0,298.0,0.1259906,False
