,shot_taker_name,is_orange,time,xg,goal
0,Sane,1,29.0,0.6351538,False
1,games5425898691,0,59.0,0.11428262,False
2,SPUDLEYMONK UK,1,74.0,0.14471747,True
3,Sane,1,106.0,0.026335757,False
4,Sane,1,106.0,0.21446489,False
5,Sane,1,130.0,0.571868,True
6,enpitsu,0,207.0,0.11405048,False
7,enpitsu,0,209.0,0.46927738,True
8,Sane,1,251.0,0.8846642,True
9,games5425898691,0,280.0,0.8328722,True
10,SPUDLEYMONK UK,1,294.0,0.7430857,False
11,games5425898691,0,298.0,0.13183123,False
