,shot_taker_name,is_orange,time,xg,goal
0,games5425898691,1,28,0.45815724,False
1,games5425898691,1,73,0.58039004,True
2,JohnyKinny,0,75,0.0008953367,False
3,enpitsu,1,96,0.3460324,True
4,Tigas007TGS,0,99,0.39787444,False
5,games5425898691,1,123,0.8989358,True
6,Tigas007TGS,0,124,0.0036854253,False
7,Tigas007TGS,0,137,0.3267744,True
8,enpitsu,1,173,0.9445184,True
9,enpitsu,1,186,0.39431462,False
10,games5425898691,1,214,0.6781003,True
