,shot_taker_name,is_orange,time,xg,goal
0,games5425898691,1,28,0.24551255,False
1,games5425898691,1,73,0.78951573,True
2,JohnyKinny,0,75,0.0025676445,False
3,enpitsu,1,96,0.5917422,True
4,Tigas007TGS,0,99,0.29968506,False
5,games5425898691,1,123,0.94666225,True
6,Tigas007TGS,0,124,0.0054460145,False
7,Tigas007TGS,0,137,0.096133575,True
8,enpitsu,1,173,0.933785,True
9,enpitsu,1,186,0.2282595,False
10,games5425898691,1,214,0.7420938,True
