,shot_taker_name,is_orange,time,xg,goal
0,games5425898691,1,28,0.44940636,False
1,games5425898691,1,73,0.5938414,True
2,JohnyKinny,0,75,0.010856618,False
3,enpitsu,1,96,0.7490856,True
4,Tigas007TGS,0,99,0.19964746,False
5,games5425898691,1,123,0.5700139,True
6,Tigas007TGS,0,124,0.0052232416,False
7,Tigas007TGS,0,137,0.16424987,True
8,enpitsu,1,173,0.9248374,True
9,enpitsu,1,186,0.26144817,False
10,games5425898691,1,214,0.5563812,True
