,shot_taker_name,is_orange,time,xg,goal
0,games5425898691,1,28,0.5553624,False
1,games5425898691,1,73,0.53657013,True
2,JohnyKinny,0,75,0.003405887,False
3,enpitsu,1,96,0.50111043,True
4,Tigas007TGS,0,99,0.19883023,False
5,games5425898691,1,123,0.75623524,True
6,Tigas007TGS,0,124,0.010578467,False
7,Tigas007TGS,0,137,0.3222785,True
8,enpitsu,1,173,0.8154775,True
9,enpitsu,1,186,0.325151,False
10,games5425898691,1,214,0.5088844,True
