,shot_taker_name,is_orange,time,xg,goal
0,games5425898691,1,28,0.6421821,False
1,games5425898691,1,73,0.3751615,True
2,JohnyKinny,0,75,0.0018451307,False
3,enpitsu,1,96,0.5667622,True
4,Tigas007TGS,0,99,0.29520953,False
5,games5425898691,1,123,0.8947566,True
6,Tigas007TGS,0,124,0.01020495,False
7,Tigas007TGS,0,137,0.119443,True
8,enpitsu,1,173,0.8323419,True
9,enpitsu,1,186,0.27204308,False
10,games5425898691,1,214,0.8646509,True
