,shot_taker_name,is_orange,time,xg,goal
0,games5425898691,1,28,0.36774752,False
1,games5425898691,1,73,0.21145223,True
2,JohnyKinny,0,75,0.009809886,False
3,enpitsu,1,96,0.44398808,True
4,Tigas007TGS,0,99,0.24679455,False
5,games5425898691,1,123,0.7342003,True
6,Tigas007TGS,0,124,0.009564046,False
7,Tigas007TGS,0,137,0.34738073,True
8,enpitsu,1,173,0.7965648,True
9,enpitsu,1,186,0.25396702,False
10,games5425898691,1,214,0.7278252,True
