,shot_taker_name,is_orange,time,xg,goal
0,games5425898691,1,28,0.263537,False
1,games5425898691,1,73,0.56460476,True
2,JohnyKinny,0,75,0.004987795,False
3,enpitsu,1,96,0.5369572,True
4,Tigas007TGS,0,99,0.21005848,False
5,games5425898691,1,123,0.6382114,True
6,Tigas007TGS,0,124,0.011895961,False
7,Tigas007TGS,0,137,0.089038596,True
8,enpitsu,1,173,0.8726385,True
9,enpitsu,1,186,0.4728234,False
10,games5425898691,1,214,0.80349076,True
