,shot_taker_name,is_orange,time,xg,goal
0,games5425898691,1,28,0.19247828,False
1,games5425898691,1,73,0.809293,True
2,JohnyKinny,0,75,0.0006631359,False
3,enpitsu,1,96,0.68150485,True
4,Tigas007TGS,0,99,0.24823514,False
5,games5425898691,1,123,0.623395,True
6,Tigas007TGS,0,124,0.0036065665,False
7,Tigas007TGS,0,137,0.089618914,True
8,enpitsu,1,173,0.8419184,True
9,enpitsu,1,186,0.15394899,False
10,games5425898691,1,214,0.81109434,True
