,shot_taker_name,is_orange,time,xg,goal
0,enpitsu,1,0,0.00049041,False
1,enpitsu,1,38,0.26402986,True
2,KK1982NRW,0,39,0.00089002313,False
3,KK1982NRW,0,75,0.9389104,True
4,games5425898691,1,78,0.08298887,False
5,enpitsu,1,143,0.6247473,True
6,enpitsu,1,161,0.76782274,True
7,depuemi,0,172,0.7184875,True
8,enpitsu,1,211,0.11067268,False
9,enpitsu,1,220,0.6511854,False
10,KK1982NRW,0,231,0.69599783,True
11,games5425898691,1,243,0.049785517,True
