,shot_taker_name,is_orange,time,xg,goal
0,enpitsu,1,0,0.006826932,False
1,enpitsu,1,38,0.5911482,True
2,KK1982NRW,0,39,0.004621358,False
3,KK1982NRW,0,75,0.94543636,True
4,games5425898691,1,78,0.11386613,False
5,enpitsu,1,143,0.62219703,True
6,enpitsu,1,161,0.68625355,True
7,depuemi,0,172,0.43373027,True
8,enpitsu,1,211,0.030379876,False
9,enpitsu,1,220,0.33145234,False
10,KK1982NRW,0,231,0.84128344,True
11,games5425898691,1,243,0.15427327,True
