,shot_taker_name,is_orange,time,xg,goal
0,enpitsu,1,0,0.0031436475,False
1,enpitsu,1,38,0.33383682,True
2,KK1982NRW,0,39,0.0054297466,False
3,KK1982NRW,0,75,0.8574126,True
4,games5425898691,1,78,0.24708465,False
5,enpitsu,1,143,0.50051177,True
6,enpitsu,1,161,0.54726547,True
7,depuemi,0,172,0.54301435,True
8,enpitsu,1,211,0.06030333,False
9,enpitsu,1,220,0.32447523,False
10,KK1982NRW,0,231,0.84930813,True
11,games5425898691,1,243,0.20752548,True
