,shot_taker_name,is_orange,time,xg,goal
0,enpitsu,1,0,0.0050219935,False
1,enpitsu,1,38,0.06751635,True
2,KK1982NRW,0,39,0.0055728783,False
3,KK1982NRW,0,75,0.98955965,True
4,games5425898691,1,78,0.08597821,False
5,enpitsu,1,143,0.5076451,True
6,enpitsu,1,161,0.4831543,True
7,depuemi,0,172,0.37043092,True
8,enpitsu,1,211,0.03071033,False
9,enpitsu,1,220,0.46224755,False
10,KK1982NRW,0,231,0.9390495,True
11,games5425898691,1,243,0.18149199,True
