,shot_taker_name,is_orange,time,xg,goal
0,enpitsu,1,0,0.0013676716,False
1,enpitsu,1,38,0.3931182,True
2,KK1982NRW,0,39,0.0014883837,False
3,KK1982NRW,0,75,0.98414606,True
4,games5425898691,1,78,0.28481722,False
5,enpitsu,1,143,0.5908295,True
6,enpitsu,1,161,0.49128035,True
7,depuemi,0,172,0.37342456,True
8,enpitsu,1,211,0.2127335,False
9,enpitsu,1,220,0.4211296,False
10,KK1982NRW,0,231,0.8871639,True
11,games5425898691,1,243,0.14500844,True
