,shot_taker_name,is_orange,time,xg,goal
0,enpitsu,1,0,0.0119369365,False
1,enpitsu,1,38,0.48076108,True
2,KK1982NRW,0,39,0.005021119,False
3,KK1982NRW,0,75,0.77243567,True
4,games5425898691,1,78,0.20556179,False
5,enpitsu,1,143,0.3027839,True
6,enpitsu,1,161,0.65420777,True
7,depuemi,0,172,0.342967,True
8,enpitsu,1,211,0.12079158,False
9,enpitsu,1,220,0.38915756,False
10,KK1982NRW,0,231,0.83029515,True
11,games5425898691,1,243,0.11729706,True
