,shot_taker_name,is_orange,time,xg,goal
0,enpitsu,1,0,0.006472904,False
1,enpitsu,1,38,0.56884295,True
2,KK1982NRW,0,39,0.004192677,False
3,KK1982NRW,0,75,0.9152269,True
4,games5425898691,1,78,0.25440887,False
5,enpitsu,1,143,0.7280974,True
6,enpitsu,1,161,0.6311436,True
7,depuemi,0,172,0.52045465,True
8,enpitsu,1,211,0.07162832,False
9,enpitsu,1,220,0.34754184,False
10,KK1982NRW,0,231,0.7901336,True
11,games5425898691,1,243,0.2268605,True
