,shot_taker_name,is_orange,time,xg,goal
0,enpitsu,1,0,0.0029781684,False
1,enpitsu,1,38,0.771044,True
2,KK1982NRW,0,39,0.0022513715,False
3,KK1982NRW,0,75,0.93656534,True
4,games5425898691,1,78,0.317491,False
5,enpitsu,1,143,0.61700964,True
6,enpitsu,1,161,0.6663101,True
7,depuemi,0,172,0.68890315,True
8,enpitsu,1,211,0.08495698,False
9,enpitsu,1,220,0.3033327,False
10,KK1982NRW,0,231,0.8659974,True
11,games5425898691,1,243,0.15453297,True
