,shot_taker_name,is_orange,time,xg,goal
0,Sharyn,0,1.0,0.043697078,False
1,Sharyn,0,9.0,0.59485424,True
2,enpitsu,1,41.0,0.7218549,True
3,enpitsu,1,100.0,0.020102413,False
4,Sharyn,0,103.0,0.26173198,False
5,Sharyn,0,141.0,0.002354721,False
6,O'Clock,0,179.0,0.088979684,True
7,O'Clock,0,181.0,0.011451619,False
8,Sharyn,0,238.0,0.32924882,False
9,enpitsu,1,274.0,0.5887943,False
10,Sharyn,0,287.0,0.32949102,True
11,Sharyn,0,290.0,0.019181417,False
