,shot_taker_name,is_orange,time,xg,goal
0,Sharyn,0,1.0,0.18092975,False
1,Sharyn,0,9.0,0.46423087,True
2,enpitsu,1,41.0,0.8116047,True
3,enpitsu,1,100.0,0.008485444,False
4,Sharyn,0,103.0,0.16695762,False
5,Sharyn,0,141.0,0.003699566,False
6,O'Clock,0,179.0,0.09681533,True
7,O'Clock,0,181.0,0.012264614,False
8,Sharyn,0,238.0,0.27420372,False
9,enpitsu,1,274.0,0.33897388,False
10,Sharyn,0,287.0,0.48819557,True
11,Sharyn,0,290.0,0.050267003,False
