,shot_taker_name,is_orange,time,xg,goal
0,Sharyn,0,1.0,0.08663059,False
1,Sharyn,0,9.0,0.37910014,True
2,enpitsu,1,41.0,0.82580036,True
3,enpitsu,1,100.0,0.013345978,False
4,Sharyn,0,103.0,0.25695738,False
5,Sharyn,0,141.0,0.008322903,False
6,O'Clock,0,179.0,0.113682464,True
7,O'Clock,0,181.0,0.004676184,False
8,Sharyn,0,238.0,0.35189947,False
9,enpitsu,1,274.0,0.39569354,False
10,Sharyn,0,287.0,0.32203406,True
11,Sharyn,0,290.0,0.037427437,False
