,shot_taker_name,is_orange,time,xg,goal
0,Sharyn,0,1.0,0.105063766,False
1,Sharyn,0,9.0,0.6372517,True
2,enpitsu,1,41.0,0.8681399,True
3,enpitsu,1,100.0,0.01133985,False
4,Sharyn,0,103.0,0.07365795,False
5,Sharyn,0,141.0,0.00240072,False
6,O'Clock,0,179.0,0.11018852,True
7,O'Clock,0,181.0,0.0025483987,False
8,Sharyn,0,238.0,0.225425,False
9,enpitsu,1,274.0,0.34482592,False
10,Sharyn,0,287.0,0.6366522,True
11,Sharyn,0,290.0,0.03185351,False
