,shot_taker_name,is_orange,time,xg,goal
0,Sharyn,0,1.0,0.037165567,False
1,Sharyn,0,9.0,0.5881957,True
2,enpitsu,1,41.0,0.73971295,True
3,enpitsu,1,100.0,0.010846044,False
4,Sharyn,0,103.0,0.18952861,False
5,Sharyn,0,141.0,0.009698108,False
6,O'Clock,0,179.0,0.09484661,True
7,O'Clock,0,181.0,0.004288049,False
8,Sharyn,0,238.0,0.26905537,False
9,enpitsu,1,274.0,0.47115254,False
10,Sharyn,0,287.0,0.55525005,True
11,Sharyn,0,290.0,0.031083353,False
