,shot_taker_name,is_orange,time,xg,goal
0,Sharyn,0,1.0,0.061309326,False
1,Sharyn,0,9.0,0.49487808,True
2,enpitsu,1,41.0,0.803022,True
3,enpitsu,1,100.0,0.030175574,False
4,Sharyn,0,103.0,0.19698657,False
5,Sharyn,0,141.0,0.004020402,False
6,O'Clock,0,179.0,0.20247416,True
7,O'Clock,0,181.0,0.008499613,False
8,Sharyn,0,238.0,0.43966722,False
9,enpitsu,1,274.0,0.512357,False
10,Sharyn,0,287.0,0.31335083,True
11,Sharyn,0,290.0,0.07322288,False
