,shot_taker_name,is_orange,time,xg,goal
0,Sharyn,0,1.0,0.14948986,False
1,Sharyn,0,9.0,0.39391652,True
2,enpitsu,1,41.0,0.88716227,True
3,enpitsu,1,100.0,0.01283555,False
4,Sharyn,0,103.0,0.3503308,False
5,Sharyn,0,141.0,0.0009133105,False
6,O'Clock,0,179.0,0.17026739,True
7,O'Clock,0,181.0,0.0004437344,False
8,Sharyn,0,238.0,0.09734421,False
9,enpitsu,1,274.0,0.21395615,False
10,Sharyn,0,287.0,0.83737385,True
11,Sharyn,0,290.0,0.024503788,False
