,shot_taker_name,is_orange,time,xg,goal
0,Sharyn,0,1.0,0.07714575,False
1,Sharyn,0,9.0,0.4157902,True
2,enpitsu,1,41.0,0.8781984,True
3,enpitsu,1,100.0,0.020632166,False
4,Sharyn,0,103.0,0.26738575,False
5,Sharyn,0,141.0,0.0023633072,False
6,O'Clock,0,179.0,0.07783122,True
7,O'Clock,0,181.0,0.0010203064,False
8,Sharyn,0,238.0,0.08467792,False
9,enpitsu,1,274.0,0.4562733,False
10,Sharyn,0,287.0,0.2264299,True
11,Sharyn,0,290.0,0.068088785,False
