,shot_taker_name,is_orange,time,xg,goal
0,V-thez11,1,0,0.025506089,False
1,enpitsu,0,69,0.13806891,False
2,V-thez11,1,94,0.2110554,False
3,V-thez11,1,106,0.3458413,False
4,ed--518,1,128,0.34665695,False
5,games5425898691,0,178,0.9451024,True
6,games5425898691,0,189,0.7620491,True
7,enpitsu,0,246,0.52093464,True
8,enpitsu,0,247,0.011258486,False
9,enpitsu,0,249,0.15661587,False
10,ed--518,1,295,0.4114329,False
