,shot_taker_name,is_orange,time,xg,goal
0,V-thez11,1,0,0.00296386,False
1,enpitsu,0,69,0.037908327,False
2,V-thez11,1,94,0.23857367,False
3,V-thez11,1,106,0.2817604,False
4,ed--518,1,128,0.24567942,False
5,games5425898691,0,178,0.87930524,True
6,games5425898691,0,189,0.80926687,True
7,enpitsu,0,246,0.48484322,True
8,enpitsu,0,247,0.009931133,False
9,enpitsu,0,249,0.12648655,False
10,ed--518,1,295,0.29329193,False
