,shot_taker_name,is_orange,time,xg,goal
0,V-thez11,1,0,0.001691581,False
1,enpitsu,0,69,0.095371075,False
2,V-thez11,1,94,0.24796627,False
3,V-thez11,1,106,0.7049589,False
4,ed--518,1,128,0.26381502,False
5,games5425898691,0,178,0.9361471,True
6,games5425898691,0,189,0.8072867,True
7,enpitsu,0,246,0.458848,True
8,enpitsu,0,247,0.011598499,False
9,enpitsu,0,249,0.10290585,False
10,ed--518,1,295,0.23517862,False
