,shot_taker_name,is_orange,time,xg,goal
0,V-thez11,1,0,0.001630104,False
1,enpitsu,0,69,0.048563205,False
2,V-thez11,1,94,0.19327962,False
3,V-thez11,1,106,0.5198239,False
4,ed--518,1,128,0.32099113,False
5,games5425898691,0,178,0.9054745,True
6,games5425898691,0,189,0.70510364,True
7,enpitsu,0,246,0.5775501,True
8,enpitsu,0,247,0.014719615,False
9,enpitsu,0,249,0.24478655,False
10,ed--518,1,295,0.2932008,False
