,shot_taker_name,is_orange,time,xg,goal
0,V-thez11,1,0,0.0062057725,False
1,enpitsu,0,69,0.13137077,False
2,V-thez11,1,94,0.4334836,False
3,V-thez11,1,106,0.6745913,False
4,ed--518,1,128,0.27056226,False
5,games5425898691,0,178,0.84456915,True
6,games5425898691,0,189,0.67142564,True
7,enpitsu,0,246,0.47231492,True
8,enpitsu,0,247,0.006670817,False
9,enpitsu,0,249,0.07448706,False
10,ed--518,1,295,0.33587435,False
