,shot_taker_name,is_orange,time,xg,goal
0,V-thez11,1,0,0.0015068236,False
1,enpitsu,0,69,0.048114784,False
2,V-thez11,1,94,0.197867,False
3,V-thez11,1,106,0.08067061,False
4,ed--518,1,128,0.16659427,False
5,games5425898691,0,178,0.9700881,True
6,games5425898691,0,189,0.82418376,True
7,enpitsu,0,246,0.18204229,True
8,enpitsu,0,247,0.004717671,False
9,enpitsu,0,249,0.3754932,False
10,ed--518,1,295,0.27596727,False
