,shot_taker_name,is_orange,time,xg,goal
0,games5425898691,0,75.0,0.9012684,True
1,Fear,1,87.0,0.10981394,False
2,Fear,1,107.0,0.027183564,False
3,games5425898691,0,141.0,0.3072268,False
4,enpitsu,0,148.0,0.18850972,False
5,Boombastic™,1,156.0,0.1313038,False
6,Boombastic™,1,281.0,0.42839697,True
7,Boombastic™,1,393.0,0.16060047,True
