,shot_taker_name,is_orange,time,xg,goal
0,games5425898691,0,75.0,0.9082528,True
1,Fear,1,87.0,0.054708865,False
2,Fear,1,107.0,0.06854093,False
3,games5425898691,0,141.0,0.054866627,False
4,enpitsu,0,148.0,0.24453263,False
5,Boombastic™,1,156.0,0.14916101,False
6,Boombastic™,1,281.0,0.22085711,True
7,Boombastic™,1,393.0,0.18801257,True
