,shot_taker_name,is_orange,time,xg,goal
0,games5425898691,0,75.0,0.9172877,True
1,Fear,1,87.0,0.062678866,False
2,Fear,1,107.0,0.07728737,False
3,games5425898691,0,141.0,0.20966896,False
4,enpitsu,0,148.0,0.102876,False
5,Boombastic™,1,156.0,0.22653858,False
6,Boombastic™,1,281.0,0.4082139,True
7,Boombastic™,1,393.0,0.18283479,True
