,shot_taker_name,is_orange,time,xg,goal
0,games5425898691,0,75.0,0.9456226,True
1,Fear,1,87.0,0.026422594,False
2,Fear,1,107.0,0.026887689,False
3,games5425898691,0,141.0,0.08089256,False
4,enpitsu,0,148.0,0.19373888,False
5,Boombastic™,1,156.0,0.2065517,False
6,Boombastic™,1,281.0,0.4545943,True
7,Boombastic™,1,393.0,0.1609203,True
