,shot_taker_name,is_orange,time,xg,goal
0,games5425898691,0,75.0,0.91781944,True
1,Fear,1,87.0,0.14179243,False
2,Fear,1,107.0,0.027190918,False
3,games5425898691,0,141.0,0.13084275,False
4,enpitsu,0,148.0,0.09919049,False
5,Boombastic™,1,156.0,0.13412818,False
6,Boombastic™,1,281.0,0.6693655,True
7,Boombastic™,1,393.0,0.10601003,True
