,shot_taker_name,is_orange,time,xg,goal
0,games5425898691,0,75.0,0.9356876,True
1,Fear,1,87.0,0.0052634305,False
2,Fear,1,107.0,0.04912553,False
3,games5425898691,0,141.0,0.14698282,False
4,enpitsu,0,148.0,0.04032601,False
5,Boombastic™,1,156.0,0.12155158,False
6,Boombastic™,1,281.0,0.46922162,True
7,Boombastic™,1,393.0,0.15946622,True
