,shot_taker_name,is_orange,time,xg,goal
0,games5425898691,0,75.0,0.95856035,True
1,Fear,1,87.0,0.009233855,False
2,Fear,1,107.0,0.03915972,False
3,games5425898691,0,141.0,0.005995849,False
4,enpitsu,0,148.0,0.12309883,False
5,Boombastic™,1,156.0,0.23566999,False
6,Boombastic™,1,281.0,0.776537,True
7,Boombastic™,1,393.0,0.095082566,True
