,shot_taker_name,is_orange,time,xg,goal
0,games5425898691,0,75.0,0.87689674,True
1,Fear,1,87.0,0.12434992,False
2,Fear,1,107.0,0.03617316,False
3,games5425898691,0,141.0,0.17618017,False
4,enpitsu,0,148.0,0.23327513,False
5,Boombastic™,1,156.0,0.07511943,False
6,Boombastic™,1,281.0,0.19707477,True
7,Boombastic™,1,393.0,0.1793304,True
