,shot_taker_name,is_orange,time,xg,goal
0,enpitsu,1,25,0.16533405,True
1,Zrocken,0,34,0.23705944,False
2,Zrocken,0,56,0.1887269,False
3,ratail83,0,67,0.05193365,False
4,ratail83,0,68,0.17481981,False
5,ratail83,0,147,0.82311565,True
6,Zrocken,0,254,0.3043548,True
7,enpitsu,1,263,0.16336517,True
8,Zrocken,0,295,0.47981623,True
9,games5425898691,1,313,0.21872702,True
