,shot_taker_name,is_orange,time,xg,goal
0,enpitsu,1,25,0.14049084,True
1,Zrocken,0,34,0.5280421,False
2,Zrocken,0,56,0.082002826,False
3,ratail83,0,67,0.014963896,False
4,ratail83,0,68,0.16948417,False
5,ratail83,0,147,0.9372344,True
6,Zrocken,0,254,0.7153293,True
7,enpitsu,1,263,0.11864909,True
8,Zrocken,0,295,0.65129334,True
9,games5425898691,1,313,0.48019966,True
