,shot_taker_name,is_orange,time,xg,goal
0,enpitsu,1,25,0.11125949,True
1,Zrocken,0,34,0.2120916,False
2,Zrocken,0,56,0.36014727,False
3,ratail83,0,67,0.075771466,False
4,ratail83,0,68,0.15787084,False
5,ratail83,0,147,0.6831198,True
6,Zrocken,0,254,0.29569757,True
7,enpitsu,1,263,0.13804933,True
8,Zrocken,0,295,0.5661628,True
9,games5425898691,1,313,0.18861116,True
