,shot_taker_name,is_orange,time,xg,goal
0,enpitsu,1,25,0.16989072,True
1,Zrocken,0,34,0.4041863,False
2,Zrocken,0,56,0.10137396,False
3,ratail83,0,67,0.038190454,False
4,ratail83,0,68,0.084936924,False
5,ratail83,0,147,0.7913691,True
6,Zrocken,0,254,0.20154482,True
7,enpitsu,1,263,0.14089623,True
8,Zrocken,0,295,0.4257242,True
9,games5425898691,1,313,0.20840277,True
