,shot_taker_name,is_orange,time,xg,goal
0,enpitsu,1,25,0.073834196,True
1,Zrocken,0,34,0.3701725,False
2,Zrocken,0,56,0.08633128,False
3,ratail83,0,67,0.114074774,False
4,ratail83,0,68,0.21963586,False
5,ratail83,0,147,0.671232,True
6,Zrocken,0,254,0.14481063,True
7,enpitsu,1,263,0.061105587,True
8,Zrocken,0,295,0.6203404,True
9,games5425898691,1,313,0.43574667,True
