,shot_taker_name,is_orange,time,xg,goal
0,enpitsu,1,25,0.20954262,True
1,Zrocken,0,34,0.57042485,False
2,Zrocken,0,56,0.19141294,False
3,ratail83,0,67,0.07336265,False
4,ratail83,0,68,0.23009378,False
5,ratail83,0,147,0.5402142,True
6,Zrocken,0,254,0.36649948,True
7,enpitsu,1,263,0.21895954,True
8,Zrocken,0,295,0.66403335,True
9,games5425898691,1,313,0.24837951,True
