,shot_taker_name,is_orange,time,xg,goal
0,enpitsu,1,25,0.011753896,True
1,Zrocken,0,34,0.2373939,False
2,Zrocken,0,56,0.24000184,False
3,ratail83,0,67,0.025824739,False
4,ratail83,0,68,0.41851902,False
5,ratail83,0,147,0.9333294,True
6,Zrocken,0,254,0.4574385,True
7,enpitsu,1,263,0.14609832,True
8,Zrocken,0,295,0.8361663,True
9,games5425898691,1,313,0.30389607,True
