,shot_taker_name,is_orange,time,xg,goal
0,enpitsu,1,25,0.106339194,True
1,Zrocken,0,34,0.5585702,False
2,Zrocken,0,56,0.13235189,False
3,ratail83,0,67,0.06608626,False
4,ratail83,0,68,0.21035825,False
5,ratail83,0,147,0.78960395,True
6,Zrocken,0,254,0.67978895,True
7,enpitsu,1,263,0.27856183,True
8,Zrocken,0,295,0.41433364,True
9,games5425898691,1,313,0.38395432,True
