,shot_taker_name,is_orange,time,xg,goal
0,enpitsu,0,34,0.6699219,True
1,ZnOx_ArK7,1,34,0.008850404,False
2,ZnOx_ArK7,1,76,0.0044351756,False
3,obey-Supremee_,1,82,0.48709607,True
4,games5425898691,0,102,0.7941154,False
5,enpitsu,0,135,0.053580727,False
6,ZnOx_ArK7,1,154,0.009320306,False
7,enpitsu,0,161,0.317897,True
8,ZnOx_ArK7,1,202,0.035746634,True
9,games5425898691,0,211,0.019940043,False
10,enpitsu,0,224,0.45488358,True
