,shot_taker_name,is_orange,time,xg,goal
0,enpitsu,0,34,0.8208497,True
1,ZnOx_ArK7,1,34,0.0028190385,False
2,ZnOx_ArK7,1,76,0.045471128,False
3,obey-Supremee_,1,82,0.5595449,True
4,games5425898691,0,102,0.78256726,False
5,enpitsu,0,135,0.10088662,False
6,ZnOx_ArK7,1,154,0.0106266765,False
7,enpitsu,0,161,0.12079126,True
8,ZnOx_ArK7,1,202,0.22982179,True
9,games5425898691,0,211,0.016671605,False
10,enpitsu,0,224,0.6494365,True
