,shot_taker_name,is_orange,time,xg,goal
0,enpitsu,0,34,0.7415821,True
1,ZnOx_ArK7,1,34,0.010566071,False
2,ZnOx_ArK7,1,76,0.014839336,False
3,obey-Supremee_,1,82,0.49310595,True
4,games5425898691,0,102,0.6641849,False
5,enpitsu,0,135,0.053886477,False
6,ZnOx_ArK7,1,154,0.032546934,False
7,enpitsu,0,161,0.57495904,True
8,ZnOx_ArK7,1,202,0.12985966,True
9,games5425898691,0,211,0.034147426,False
10,enpitsu,0,224,0.68395126,True
