,shot_taker_name,is_orange,time,xg,goal
0,enpitsu,0,34,0.8240252,True
1,ZnOx_ArK7,1,34,0.003741544,False
2,ZnOx_ArK7,1,76,0.020104036,False
3,obey-Supremee_,1,82,0.49203533,True
4,games5425898691,0,102,0.54848725,False
5,enpitsu,0,135,0.03640376,False
6,ZnOx_ArK7,1,154,0.06771833,False
7,enpitsu,0,161,0.6464449,True
8,ZnOx_ArK7,1,202,0.05616286,True
9,games5425898691,0,211,0.047691174,False
10,enpitsu,0,224,0.6257912,True
