,shot_taker_name,is_orange,time,xg,goal
0,enpitsu,0,34,0.6634676,True
1,ZnOx_ArK7,1,34,0.00089858426,False
2,ZnOx_ArK7,1,76,0.021785572,False
3,obey-Supremee_,1,82,0.48183623,True
4,games5425898691,0,102,0.583324,False
5,enpitsu,0,135,0.14307621,False
6,ZnOx_ArK7,1,154,0.029469786,False
7,enpitsu,0,161,0.34778693,True
8,ZnOx_ArK7,1,202,0.12944113,True
9,games5425898691,0,211,0.039922908,False
10,enpitsu,0,224,0.6302297,True
