,shot_taker_name,is_orange,time,xg,goal
0,enpitsu,0,34,0.9313995,True
1,ZnOx_ArK7,1,34,0.01103511,False
2,ZnOx_ArK7,1,76,0.020273937,False
3,obey-Supremee_,1,82,0.62247145,True
4,games5425898691,0,102,0.6399452,False
5,enpitsu,0,135,0.11568857,False
6,ZnOx_ArK7,1,154,0.10697748,False
7,enpitsu,0,161,0.39928496,True
8,ZnOx_ArK7,1,202,0.15719432,True
9,games5425898691,0,211,0.020420602,False
10,enpitsu,0,224,0.5143223,True
