,shot_taker_name,is_orange,time,xg,goal
0,enpitsu,0,34,0.73523515,True
1,ZnOx_ArK7,1,34,0.0077463505,False
2,ZnOx_ArK7,1,76,0.013389207,False
3,obey-Supremee_,1,82,0.46241206,True
4,games5425898691,0,102,0.4607903,False
5,enpitsu,0,135,0.11282822,False
6,ZnOx_ArK7,1,154,0.052322377,False
7,enpitsu,0,161,0.39937127,True
8,ZnOx_ArK7,1,202,0.090217,True
9,games5425898691,0,211,0.12405924,False
10,enpitsu,0,224,0.65958357,True
