,shot_taker_name,is_orange,time,xg,goal
0,enpitsu,0,16,0.07633611,False
1,enpitsu,0,18,0.03336867,False
2,kesmo_04,1,26,0.77313143,True
3,AzuliityZT,1,38,0.2726494,True
4,enpitsu,0,88,0.88960767,True
5,kesmo_04,1,126,0.03305139,False
6,kesmo_04,1,164,0.011180541,False
7,enpitsu,0,173,0.09517573,False
8,kesmo_04,1,221,0.8545904,True
9,AzuliityZT,1,232,0.02555532,False
10,games5425898691,0,262,0.30118546,True
