,shot_taker_name,is_orange,time,xg,goal
0,enpitsu,0,16,0.11206176,False
1,enpitsu,0,18,0.18215552,False
2,kesmo_04,1,26,0.84886664,True
3,AzuliityZT,1,38,0.3654797,True
4,enpitsu,0,88,0.72091705,True
5,kesmo_04,1,126,0.05857137,False
6,kesmo_04,1,164,0.040987734,False
7,enpitsu,0,173,0.22408554,False
8,kesmo_04,1,221,0.666651,True
9,AzuliityZT,1,232,0.10085903,False
10,games5425898691,0,262,0.90921503,True
