,shot_taker_name,is_orange,time,xg,goal
0,enpitsu,0,16,0.18056348,False
1,enpitsu,0,18,0.27848512,False
2,kesmo_04,1,26,0.60241795,True
3,AzuliityZT,1,38,0.08724099,True
4,enpitsu,0,88,0.8343908,True
5,kesmo_04,1,126,0.02626989,False
6,kesmo_04,1,164,0.059349496,False
7,enpitsu,0,173,0.5305298,False
8,kesmo_04,1,221,0.80152345,True
9,AzuliityZT,1,232,0.0850813,False
10,games5425898691,0,262,0.53350806,True
