,shot_taker_name,is_orange,time,xg,goal
0,enpitsu,0,16,0.16177185,False
1,enpitsu,0,18,0.11518708,False
2,kesmo_04,1,26,0.4916194,True
3,AzuliityZT,1,38,0.41244403,True
4,enpitsu,0,88,0.7367846,True
5,kesmo_04,1,126,0.090715624,False
6,kesmo_04,1,164,0.0874444,False
7,enpitsu,0,173,0.43987226,False
8,kesmo_04,1,221,0.75911695,True
9,AzuliityZT,1,232,0.13758925,False
10,games5425898691,0,262,0.48388806,True
