,shot_taker_name,is_orange,time,xg,goal
0,enpitsu,0,16,0.13998938,False
1,enpitsu,0,18,0.2293985,False
2,kesmo_04,1,26,0.6047296,True
3,AzuliityZT,1,38,0.2619745,True
4,enpitsu,0,88,0.8146487,True
5,kesmo_04,1,126,0.08219015,False
6,kesmo_04,1,164,0.054980956,False
7,enpitsu,0,173,0.53876024,False
8,kesmo_04,1,221,0.8354441,True
9,AzuliityZT,1,232,0.22446348,False
10,games5425898691,0,262,0.7239803,True
