,shot_taker_name,is_orange,time,xg,goal
0,enpitsu,0,16,0.19454217,False
1,enpitsu,0,18,0.2736364,False
2,kesmo_04,1,26,0.2437112,True
3,AzuliityZT,1,38,0.05984192,True
4,enpitsu,0,88,0.72775036,True
5,kesmo_04,1,126,0.093801536,False
6,kesmo_04,1,164,0.15213284,False
7,enpitsu,0,173,0.32221827,False
8,kesmo_04,1,221,0.6978154,True
9,AzuliityZT,1,232,0.22697912,False
10,games5425898691,0,262,0.6331205,True
