,shot_taker_name,is_orange,time,xg,goal
0,enpitsu,0,16,0.12514783,False
1,enpitsu,0,18,0.08517295,False
2,kesmo_04,1,26,0.510021,True
3,AzuliityZT,1,38,0.06540006,True
4,enpitsu,0,88,0.62144464,True
5,kesmo_04,1,126,0.079821564,False
6,kesmo_04,1,164,0.007615839,False
7,enpitsu,0,173,0.38143265,False
8,kesmo_04,1,221,0.75730276,True
9,AzuliityZT,1,232,0.07750194,False
10,games5425898691,0,262,0.36102828,True
