,shot_taker_name,is_orange,time,xg,goal
0,enpitsu,0,16,0.14303061,False
1,enpitsu,0,18,0.068814695,False
2,kesmo_04,1,26,0.8634718,True
3,AzuliityZT,1,38,0.017734572,True
4,enpitsu,0,88,0.7800621,True
5,kesmo_04,1,126,0.053374738,False
6,kesmo_04,1,164,0.14364703,False
7,enpitsu,0,173,0.3427386,False
8,kesmo_04,1,221,0.7552892,True
9,AzuliityZT,1,232,0.23428535,False
10,games5425898691,0,262,0.5964055,True
