,shot_taker_name,is_orange,time,xg,goal
0,enpitsu,1,9.0,0.61626136,True
1,Dat_Klan,0,24.0,0.4036413,False
2,Dat_Klan,0,27.0,0.9553196,True
3,Imagine wagons,0,28.0,0.021031136,False
4,games5425898691,1,64.0,0.9127197,True
5,Dat_Klan,0,88.0,0.04526587,False
6,Dat_Klan,0,113.0,0.43323043,False
7,games5425898691,1,196.0,0.4624238,False
8,games5425898691,1,208.0,0.07525126,True
9,enpitsu,1,276.0,0.6641838,True
10,Imagine wagons,0,295.0,0.27228388,True
