,shot_taker_name,is_orange,time,xg,goal
0,enpitsu,1,9.0,0.5440797,True
1,Dat_Klan,0,24.0,0.76739484,False
2,Dat_Klan,0,27.0,0.95495987,True
3,Imagine wagons,0,28.0,0.051669072,False
4,games5425898691,1,64.0,0.869165,True
5,Dat_Klan,0,88.0,0.11404769,False
6,Dat_Klan,0,113.0,0.72672397,False
7,games5425898691,1,196.0,0.5282307,False
8,games5425898691,1,208.0,0.057528973,True
9,enpitsu,1,276.0,0.78341126,True
10,Imagine wagons,0,295.0,0.24563359,True
