,shot_taker_name,is_orange,time,xg,goal
0,Bunxxx,1,0,0.018384984,False
1,games5425898691,0,67,0.6586755,True
2,ياو تفاكت,1,81,0.18520015,False
3,enpitsu,0,114,0.6713182,True
4,games5425898691,0,115,0.021140002,False
5,games5425898691,0,134,0.49249035,False
6,games5425898691,0,199,0.3611583,False
7,ياو تفاكت,1,251,0.6331236,True
8,Bunxxx,1,260,0.35672778,False
9,games5425898691,0,266,0.4089036,True
10,Bunxxx,1,297,0.5454238,False
