,shot_taker_name,is_orange,time,xg,goal
0,Bunxxx,1,0,0.021957427,False
1,games5425898691,0,67,0.34264228,True
2,ياو تفاكت,1,81,0.09966646,False
3,enpitsu,0,114,0.76449126,True
4,games5425898691,0,115,0.01880657,False
5,games5425898691,0,134,0.7181549,False
6,games5425898691,0,199,0.20535512,False
7,ياو تفاكت,1,251,0.73279274,True
8,Bunxxx,1,260,0.45849425,False
9,games5425898691,0,266,0.32914713,True
10,Bunxxx,1,297,0.44592398,False
