,shot_taker_name,is_orange,time,xg,goal
0,Bunxxx,1,0,0.0128634805,False
1,games5425898691,0,67,0.21557261,True
2,ياو تفاكت,1,81,0.08500677,False
3,enpitsu,0,114,0.63631064,True
4,games5425898691,0,115,0.02469209,False
5,games5425898691,0,134,0.6557234,False
6,games5425898691,0,199,0.21965176,False
7,ياو تفاكت,1,251,0.7469957,True
8,Bunxxx,1,260,0.2908586,False
9,games5425898691,0,266,0.37769353,True
10,Bunxxx,1,297,0.43539414,False
