,shot_taker_name,is_orange,time,xg,goal
0,Bunxxx,1,0,0.008056521,False
1,games5425898691,0,67,0.31130862,True
2,ياو تفاكت,1,81,0.12539586,False
3,enpitsu,0,114,0.7771049,True
4,games5425898691,0,115,0.035152398,False
5,games5425898691,0,134,0.57809246,False
6,games5425898691,0,199,0.43143472,False
7,ياو تفاكت,1,251,0.85043496,True
8,Bunxxx,1,260,0.53034663,False
9,games5425898691,0,266,0.35698423,True
10,Bunxxx,1,297,0.72365105,False
