,shot_taker_name,is_orange,time,xg,goal
0,games5425898691,0,31,0.12476275,False
1,enpitsu,0,37,0.20558392,False
2,8.6,1,46,0.6817765,True
3,8.6,1,48,0.03650647,False
4,8.6,1,49,0.3113337,True
5,games5425898691,0,98,0.2857112,True
6,RauunZ,1,154,0.6633478,True
7,RauunZ,1,207,0.30710694,False
8,games5425898691,0,229,0.6312634,True
