,shot_taker_name,is_orange,time,xg,goal
0,games5425898691,0,31,0.047247205,False
1,enpitsu,0,37,0.3165012,False
2,8.6,1,46,0.69618934,True
3,8.6,1,48,0.04915789,False
4,8.6,1,49,0.4445808,True
5,games5425898691,0,98,0.37438652,True
6,RauunZ,1,154,0.5460817,True
7,RauunZ,1,207,0.16627376,False
8,games5425898691,0,229,0.5213369,True
