,shot_taker_name,is_orange,time,xg,goal
0,enpitsu,1,25,0.20304595,True
1,BABYKATHIM,0,72,0.052975934,False
2,games5425898691,1,104,0.37684178,True
3,BABYKATHIM,0,116,0.1845604,False
4,games5425898691,1,148,0.12973495,False
5,games5425898691,1,206,0.11798124,False
