,shot_taker_name,is_orange,time,xg,goal
0,enpitsu,1,25,0.3396422,True
1,BABYKATHIM,0,72,0.07212152,False
2,games5425898691,1,104,0.34032992,True
3,BABYKATHIM,0,116,0.19396532,False
4,games5425898691,1,148,0.05296572,False
5,games5425898691,1,206,0.16431162,False
