,shot_taker_name,is_orange,time,xg,goal
0,enpitsu,1,25,0.3278819,True
1,BABYKATHIM,0,72,0.034763463,False
2,games5425898691,1,104,0.33418107,True
3,BABYKATHIM,0,116,0.24872161,False
4,games5425898691,1,148,0.08361325,False
5,games5425898691,1,206,0.037255544,False
