,shot_taker_name,is_orange,time,xg,goal
0,enpitsu,1,25,0.20019585,True
1,BABYKATHIM,0,72,0.07010421,False
2,games5425898691,1,104,0.75839305,True
3,BABYKATHIM,0,116,0.046080757,False
4,games5425898691,1,148,0.017893799,False
5,games5425898691,1,206,0.19196197,False
