,shot_taker_name,is_orange,time,xg,goal
0,enpitsu,1,25,0.16794348,True
1,BABYKATHIM,0,72,0.12164792,False
2,games5425898691,1,104,0.509592,True
3,BABYKATHIM,0,116,0.12660491,False
4,games5425898691,1,148,0.052204873,False
5,games5425898691,1,206,0.12781939,False
