,shot_taker_name,is_orange,time,xg,goal
0,enpitsu,1,25,0.19054723,True
1,BABYKATHIM,0,72,0.06510717,False
2,games5425898691,1,104,0.47741547,True
3,BABYKATHIM,0,116,0.11609937,False
4,games5425898691,1,148,0.17609082,False
5,games5425898691,1,206,0.2859398,False
