,shot_taker_name,is_orange,time,xg,goal
0,enpitsu,1,25,0.12557074,True
1,BABYKATHIM,0,72,0.03858133,False
2,games5425898691,1,104,0.3736388,True
3,BABYKATHIM,0,116,0.007799964,False
4,games5425898691,1,148,0.019045558,False
5,games5425898691,1,206,0.040249825,False
