,shot_taker_name,is_orange,time,xg,goal
0,enpitsu,1,25,0.2999207,True
1,BABYKATHIM,0,72,0.06625412,False
2,games5425898691,1,104,0.4821502,True
3,BABYKATHIM,0,116,0.09063259,False
4,games5425898691,1,148,0.076661386,False
5,games5425898691,1,206,0.06680852,False
