,shot_taker_name,is_orange,time,xg,goal
0,enpitsu,1,42.0,0.84859324,True
1,Killua ﾑ,0,60.0,0.418703,False
2,Steppke36,0,84.0,0.4323777,True
3,enpitsu,1,104.0,0.41999707,False
4,enpitsu,1,130.0,0.51094395,False
5,Steppke36,0,150.0,0.7748782,True
6,enpitsu,1,197.0,0.7603525,False
7,games5425898691,1,199.0,0.8235278,True
8,Steppke36,0,199.0,0.004020076,False
9,Killua ﾑ,0,207.0,0.09390977,False
10,enpitsu,1,242.0,0.0502831,False
11,games5425898691,1,255.0,0.27925932,True
