,shot_taker_name,is_orange,time,xg,goal
0,enpitsu,1,42.0,0.73407036,True
1,Killua ﾑ,0,60.0,0.21828012,False
2,Steppke36,0,84.0,0.43693233,True
3,enpitsu,1,104.0,0.34390056,False
4,enpitsu,1,130.0,0.7381812,False
5,Steppke36,0,150.0,0.9012891,True
6,enpitsu,1,197.0,0.80054665,False
7,games5425898691,1,199.0,0.8928236,True
8,Steppke36,0,199.0,0.003680145,False
9,Killua ﾑ,0,207.0,0.24214534,False
10,enpitsu,1,242.0,0.08190164,False
11,games5425898691,1,255.0,0.5487257,True
