,shot_taker_name,is_orange,time,xg,goal
0,enpitsu,1,42.0,0.40646428,True
1,Killua ﾑ,0,60.0,0.06745666,False
2,Steppke36,0,84.0,0.3577499,True
3,enpitsu,1,104.0,0.5872948,False
4,enpitsu,1,130.0,0.6491037,False
5,Steppke36,0,150.0,0.8792907,True
6,enpitsu,1,197.0,0.700031,False
7,games5425898691,1,199.0,0.9223004,True
8,Steppke36,0,199.0,0.0021706438,False
9,Killua ﾑ,0,207.0,0.23616661,False
10,enpitsu,1,242.0,0.026010398,False
11,games5425898691,1,255.0,0.33854935,True
