,shot_taker_name,is_orange,time,xg,goal
0,enpitsu,1,42.0,0.63791674,True
1,Killua ﾑ,0,60.0,0.26400614,False
2,Steppke36,0,84.0,0.40337324,True
3,enpitsu,1,104.0,0.50404656,False
4,enpitsu,1,130.0,0.738603,False
5,Steppke36,0,150.0,0.86077553,True
6,enpitsu,1,197.0,0.75033385,False
7,games5425898691,1,199.0,0.84461075,True
8,Steppke36,0,199.0,0.0044832123,False
9,Killua ﾑ,0,207.0,0.10487165,False
10,enpitsu,1,242.0,0.07020351,False
11,games5425898691,1,255.0,0.45570526,True
