,shot_taker_name,is_orange,time,xg,goal
0,enpitsu,1,42.0,0.62236565,True
1,Killua ﾑ,0,60.0,0.2548362,False
2,Steppke36,0,84.0,0.5861935,True
3,enpitsu,1,104.0,0.26795238,False
4,enpitsu,1,130.0,0.6963398,False
5,Steppke36,0,150.0,0.9294044,True
6,enpitsu,1,197.0,0.758425,False
7,games5425898691,1,199.0,0.7237411,True
8,Steppke36,0,199.0,0.0047922255,False
9,Killua ﾑ,0,207.0,0.23810714,False
10,enpitsu,1,242.0,0.070546195,False
11,games5425898691,1,255.0,0.48281848,True
