,shot_taker_name,is_orange,time,xg,goal
0,enpitsu,1,42.0,0.66398966,True
1,Killua ﾑ,0,60.0,0.14257057,False
2,Steppke36,0,84.0,0.09209522,True
3,enpitsu,1,104.0,0.30109882,False
4,enpitsu,1,130.0,0.7328892,False
5,Steppke36,0,150.0,0.8761064,True
6,enpitsu,1,197.0,0.5855174,False
7,games5425898691,1,199.0,0.8726311,True
8,Steppke36,0,199.0,0.0057968544,False
9,Killua ﾑ,0,207.0,0.15946954,False
10,enpitsu,1,242.0,0.06268364,False
11,games5425898691,1,255.0,0.20455517,True
