,shot_taker_name,is_orange,time,xg,goal
0,enpitsu,1,42.0,0.80462503,True
1,Killua ﾑ,0,60.0,0.1182626,False
2,Steppke36,0,84.0,0.14111204,True
3,enpitsu,1,104.0,0.44086695,False
4,enpitsu,1,130.0,0.6239332,False
5,Steppke36,0,150.0,0.9560208,True
6,enpitsu,1,197.0,0.763586,False
7,games5425898691,1,199.0,0.8835597,True
8,Steppke36,0,199.0,0.0011252252,False
9,Killua ﾑ,0,207.0,0.03808187,False
10,enpitsu,1,242.0,0.005687913,False
11,games5425898691,1,255.0,0.68189734,True
