,shot_taker_name,is_orange,time,xg,goal
0,enpitsu,1,42.0,0.8071621,True
1,Killua ﾑ,0,60.0,0.18020907,False
2,Steppke36,0,84.0,0.39491975,True
3,enpitsu,1,104.0,0.13060221,False
4,enpitsu,1,130.0,0.56920546,False
5,Steppke36,0,150.0,0.8947377,True
6,enpitsu,1,197.0,0.7904185,False
7,games5425898691,1,199.0,0.81504333,True
8,Steppke36,0,199.0,0.0020273332,False
9,Killua ﾑ,0,207.0,0.13626674,False
10,enpitsu,1,242.0,0.15674323,False
11,games5425898691,1,255.0,0.3277101,True
