,shot_taker_name,is_orange,time,xg,goal
0,enpitsu,1,53,0.14559339,True
1,games5425898691,1,118,0.89221185,True
2,games5425898691,1,124,0.015761517,False
3,enpitsu,1,172,0.5267183,False
4,games5425898691,1,189,0.00050750957,False
5,enpitsu,1,206,0.22171217,False
6,TfoxPro,0,223,0.060152873,False
7,enpitsu,1,244,0.42510402,True
8,enpitsu,1,261,0.860125,True
