,shot_taker_name,is_orange,time,xg,goal
0,enpitsu,1,53,0.3479728,True
1,games5425898691,1,118,0.851839,True
2,games5425898691,1,124,0.6087113,False
3,enpitsu,1,172,0.72388625,False
4,games5425898691,1,189,0.0026849078,False
5,enpitsu,1,206,0.23906387,False
6,TfoxPro,0,223,0.26062217,False
7,enpitsu,1,244,0.15583439,True
8,enpitsu,1,261,0.68490076,True
