,shot_taker_name,is_orange,time,xg,goal
0,enpitsu,1,53,0.33040217,True
1,games5425898691,1,118,0.9533044,True
2,games5425898691,1,124,0.23039365,False
3,enpitsu,1,172,0.47827786,False
4,games5425898691,1,189,0.004315669,False
5,enpitsu,1,206,0.06492939,False
6,TfoxPro,0,223,0.25090128,False
7,enpitsu,1,244,0.4184433,True
8,enpitsu,1,261,0.5240869,True
