,shot_taker_name,is_orange,time,xg,goal
0,enpitsu,1,53,0.5617891,True
1,games5425898691,1,118,0.83547103,True
2,games5425898691,1,124,0.48635116,False
3,enpitsu,1,172,0.5233293,False
4,games5425898691,1,189,0.0025515314,False
5,enpitsu,1,206,0.06561318,False
6,TfoxPro,0,223,0.33155394,False
7,enpitsu,1,244,0.19144197,True
8,enpitsu,1,261,0.7190826,True
