,shot_taker_name,is_orange,time,xg,goal
0,enpitsu,1,53,0.52786565,True
1,games5425898691,1,118,0.89783096,True
2,games5425898691,1,124,0.45193842,False
3,enpitsu,1,172,0.74085623,False
4,games5425898691,1,189,0.0010224121,False
5,enpitsu,1,206,0.084761724,False
6,TfoxPro,0,223,0.28449598,False
7,enpitsu,1,244,0.13067307,True
8,enpitsu,1,261,0.53347045,True
