,shot_taker_name,is_orange,time,xg,goal
0,enpitsu,1,53,0.5163343,True
1,games5425898691,1,118,0.7038868,True
2,games5425898691,1,124,0.5127753,False
3,enpitsu,1,172,0.72099507,False
4,games5425898691,1,189,0.0016256991,False
5,enpitsu,1,206,0.0582341,False
6,TfoxPro,0,223,0.3206813,False
7,enpitsu,1,244,0.18478692,True
8,enpitsu,1,261,0.5368952,True
