,shot_taker_name,is_orange,time,xg,goal
0,enpitsu,1,53,0.42097893,True
1,games5425898691,1,118,0.79607415,True
2,games5425898691,1,124,0.5561929,False
3,enpitsu,1,172,0.6118339,False
4,games5425898691,1,189,0.0024027398,False
5,enpitsu,1,206,0.122242786,False
6,TfoxPro,0,223,0.219567,False
7,enpitsu,1,244,0.18176866,True
8,enpitsu,1,261,0.7044148,True
