,shot_taker_name,is_orange,time,xg,goal
0,enpitsu,1,53,0.35078087,True
1,games5425898691,1,118,0.82733375,True
2,games5425898691,1,124,0.3771726,False
3,enpitsu,1,172,0.66544175,False
4,games5425898691,1,189,0.002372309,False
5,enpitsu,1,206,0.12820221,False
6,TfoxPro,0,223,0.15212569,False
7,enpitsu,1,244,0.20954901,True
8,enpitsu,1,261,0.6412498,True
