,shot_taker_name,is_orange,time,xg,goal
0,Ranger4567,1,41,0.18885812,False
1,Ranger4567,1,42,0.36172238,True
2,Knowlsey0503,1,65,0.5846778,True
3,enpitsu,0,130,0.011912344,False
4,Ranger4567,1,248,0.05594332,False
5,Ranger4567,1,256,0.03102873,False
6,enpitsu,0,291,0.13835526,True
