,shot_taker_name,is_orange,time,xg,goal
0,Ranger4567,1,41,0.08278125,False
1,Ranger4567,1,42,0.5506818,True
2,Knowlsey0503,1,65,0.87928236,True
3,enpitsu,0,130,0.028508335,False
4,Ranger4567,1,248,0.17257023,False
5,Ranger4567,1,256,0.16451529,False
6,enpitsu,0,291,0.29886392,True
