,shot_taker_name,is_orange,time,xg,goal
0,Ranger4567,1,41,0.035421148,False
1,Ranger4567,1,42,0.6421607,True
2,Knowlsey0503,1,65,0.9236054,True
3,enpitsu,0,130,0.0069247764,False
4,Ranger4567,1,248,0.19516906,False
5,Ranger4567,1,256,0.039207168,False
6,enpitsu,0,291,0.18107133,True
