,shot_taker_name,is_orange,time,xg,goal
0,Ranger4567,1,41,0.016434574,False
1,Ranger4567,1,42,0.21188548,True
2,Knowlsey0503,1,65,0.54291886,True
3,enpitsu,0,130,0.005746535,False
4,Ranger4567,1,248,0.070301,False
5,Ranger4567,1,256,0.21729515,False
6,enpitsu,0,291,0.23079334,True
