,shot_taker_name,is_orange,time,xg,goal
0,Ranger4567,1,41,0.038575973,False
1,Ranger4567,1,42,0.49062982,True
2,Knowlsey0503,1,65,0.8639145,True
3,enpitsu,0,130,0.029949743,False
4,Ranger4567,1,248,0.17502503,False
5,Ranger4567,1,256,0.1699519,False
6,enpitsu,0,291,0.3635069,True
