,shot_taker_name,is_orange,time,xg,goal
0,Ranger4567,1,41,0.029981222,False
1,Ranger4567,1,42,0.5599846,True
2,Knowlsey0503,1,65,0.9312095,True
3,enpitsu,0,130,0.018968225,False
4,Ranger4567,1,248,0.22998734,False
5,Ranger4567,1,256,0.12248827,False
6,enpitsu,0,291,0.26037672,True
