,shot_taker_name,is_orange,time,xg,goal
0,Ranger4567,1,41,0.024782961,False
1,Ranger4567,1,42,0.55430824,True
2,Knowlsey0503,1,65,0.91265595,True
3,enpitsu,0,130,0.020998066,False
4,Ranger4567,1,248,0.1682887,False
5,Ranger4567,1,256,0.21631095,False
6,enpitsu,0,291,0.18511629,True
