,shot_taker_name,is_orange,time,xg,goal
0,Ranger4567,1,41,0.06691922,False
1,Ranger4567,1,42,0.60058635,True
2,Knowlsey0503,1,65,0.9371202,True
3,enpitsu,0,130,0.025088325,False
4,Ranger4567,1,248,0.20561841,False
5,Ranger4567,1,256,0.09338845,False
6,enpitsu,0,291,0.30704534,True
