,shot_taker_name,is_orange,time,xg,goal
0,Zedko-AR,1,34,0.062574245,False
1,MinatO_chacal,1,45,0.55772424,True
2,games5425898691,0,53,0.03717255,False
3,games5425898691,0,79,0.3953691,True
4,games5425898691,0,81,0.011604749,False
5,enpitsu,0,105,0.6808637,False
6,games5425898691,0,115,0.11214146,False
7,games5425898691,0,115,0.047441397,False
8,games5425898691,0,116,0.85727763,False
9,games5425898691,0,116,0.41708758,True
10,games5425898691,0,127,0.71194494,True
