,shot_taker_name,is_orange,time,xg,goal
0,Zedko-AR,1,34,0.09903745,False
1,MinatO_chacal,1,45,0.8209021,True
2,games5425898691,0,53,0.05650169,False
3,games5425898691,0,79,0.35932878,True
4,games5425898691,0,81,0.13371198,False
5,enpitsu,0,105,0.76160616,False
6,games5425898691,0,115,0.14217609,False
7,games5425898691,0,115,0.25027636,False
8,games5425898691,0,116,0.9551232,False
9,games5425898691,0,116,0.85768634,True
10,games5425898691,0,127,0.6707486,True
