,shot_taker_name,is_orange,time,xg,goal
0,Zedko-AR,1,34,0.2779493,False
1,MinatO_chacal,1,45,0.93869567,True
2,games5425898691,0,53,0.050147343,False
3,games5425898691,0,79,0.5396724,True
4,games5425898691,0,81,0.0439955,False
5,enpitsu,0,105,0.4537159,False
6,games5425898691,0,115,0.11536181,False
7,games5425898691,0,115,0.5309892,False
8,games5425898691,0,116,0.93893,False
9,games5425898691,0,116,0.6637902,True
10,games5425898691,0,127,0.8296641,True
