,shot_taker_name,is_orange,time,xg,goal
0,Zedko-AR,1,34,0.20066325,False
1,MinatO_chacal,1,45,0.9624207,True
2,games5425898691,0,53,0.05477741,False
3,games5425898691,0,79,0.6322895,True
4,games5425898691,0,81,0.015525978,False
5,enpitsu,0,105,0.55827993,False
6,games5425898691,0,115,0.34035757,False
7,games5425898691,0,115,0.5415788,False
8,games5425898691,0,116,0.8078077,False
9,games5425898691,0,116,0.88127905,True
10,games5425898691,0,127,0.885186,True
