,shot_taker_name,is_orange,time,xg,goal
0,Zedko-AR,1,34,0.1420176,False
1,MinatO_chacal,1,45,0.9127389,True
2,games5425898691,0,53,0.09022102,False
3,games5425898691,0,79,0.63725907,True
4,games5425898691,0,81,0.046872422,False
5,enpitsu,0,105,0.2786737,False
6,games5425898691,0,115,0.04955921,False
7,games5425898691,0,115,0.22306943,False
8,games5425898691,0,116,0.76348966,False
9,games5425898691,0,116,0.91032267,True
10,games5425898691,0,127,0.5993658,True
