,shot_taker_name,is_orange,time,xg,goal
0,Zedko-AR,1,34,0.22953339,False
1,MinatO_chacal,1,45,0.83640176,True
2,games5425898691,0,53,0.18584485,False
3,games5425898691,0,79,0.88340324,True
4,games5425898691,0,81,0.020525664,False
5,enpitsu,0,105,0.55878603,False
6,games5425898691,0,115,0.43236142,False
7,games5425898691,0,115,0.34976307,False
8,games5425898691,0,116,0.8876319,False
9,games5425898691,0,116,0.9534088,True
10,games5425898691,0,127,0.9652326,True
