,shot_taker_name,is_orange,time,xg,goal
0,Zedko-AR,1,34,0.3743584,False
1,MinatO_chacal,1,45,0.7267126,True
2,games5425898691,0,53,0.115435585,False
3,games5425898691,0,79,0.65988994,True
4,games5425898691,0,81,0.0671535,False
5,enpitsu,0,105,0.50552106,False
6,games5425898691,0,115,0.061335046,False
7,games5425898691,0,115,0.17632343,False
8,games5425898691,0,116,0.6945192,False
9,games5425898691,0,116,0.77154505,True
10,games5425898691,0,127,0.6188791,True
