,shot_taker_name,is_orange,time,xg,goal
0,Zedko-AR,1,34,0.09074725,False
1,MinatO_chacal,1,45,0.9111756,True
2,games5425898691,0,53,0.13413651,False
3,games5425898691,0,79,0.7634119,True
4,games5425898691,0,81,0.1221317,False
5,enpitsu,0,105,0.4955377,False
6,games5425898691,0,115,0.19176422,False
7,games5425898691,0,115,0.5632844,False
8,games5425898691,0,116,0.88239723,False
9,games5425898691,0,116,0.940431,True
10,games5425898691,0,127,0.97173303,True
