,shot_taker_name,is_orange,time,xg,goal
0,Nerfable,1,14,0.15378402,True
1,enpitsu,0,33,0.46971613,False
2,enpitsu,0,48,0.45826066,False
3,enpitsu,0,64,0.7362059,False
4,Nerfable,1,67,0.3775709,False
5,games5425898691,0,154,0.92551595,True
6,enpitsu,0,180,0.034354143,False
7,games5425898691,0,190,0.09324547,False
8,games5425898691,0,205,0.37107494,True
9,games5425898691,0,206,0.026939727,False
10,games5425898691,0,209,0.93469995,True
