,shot_taker_name,is_orange,time,xg,goal
0,Nerfable,1,14,0.20093757,True
1,enpitsu,0,33,0.78972846,False
2,enpitsu,0,48,0.16903958,False
3,enpitsu,0,64,0.8938697,False
4,Nerfable,1,67,0.52430034,False
5,games5425898691,0,154,0.9407354,True
6,enpitsu,0,180,0.013960612,False
7,games5425898691,0,190,0.032856807,False
8,games5425898691,0,205,0.4689919,True
9,games5425898691,0,206,0.009245894,False
10,games5425898691,0,209,0.93880534,True
