,shot_taker_name,is_orange,time,xg,goal
0,Nerfable,1,14,0.09856236,True
1,enpitsu,0,33,0.64138335,False
2,enpitsu,0,48,0.76421237,False
3,enpitsu,0,64,0.73486125,False
4,Nerfable,1,67,0.6468116,False
5,games5425898691,0,154,0.9052489,True
6,enpitsu,0,180,0.031490106,False
7,games5425898691,0,190,0.11197978,False
8,games5425898691,0,205,0.4657233,True
9,games5425898691,0,206,0.015195406,False
10,games5425898691,0,209,0.9054991,True
