,shot_taker_name,is_orange,time,xg,goal
0,Nerfable,1,14,0.116064176,True
1,enpitsu,0,33,0.8209213,False
2,enpitsu,0,48,0.25892976,False
3,enpitsu,0,64,0.78543895,False
4,Nerfable,1,67,0.6670444,False
5,games5425898691,0,154,0.9192432,True
6,enpitsu,0,180,0.047369495,False
7,games5425898691,0,190,0.033631004,False
8,games5425898691,0,205,0.34887624,True
9,games5425898691,0,206,0.029353742,False
10,games5425898691,0,209,0.7853295,True
