,shot_taker_name,is_orange,time,xg,goal
0,Nerfable,1,14,0.23563474,True
1,enpitsu,0,33,0.6467979,False
2,enpitsu,0,48,0.04040253,False
3,enpitsu,0,64,0.86057097,False
4,Nerfable,1,67,0.9040821,False
5,games5425898691,0,154,0.7758084,True
6,enpitsu,0,180,0.014302141,False
7,games5425898691,0,190,0.072623156,False
8,games5425898691,0,205,0.42165127,True
9,games5425898691,0,206,0.008288701,False
10,games5425898691,0,209,0.98640764,True
