,shot_taker_name,is_orange,time,xg,goal
0,Nerfable,1,14,0.1900153,True
1,enpitsu,0,33,0.8365362,False
2,enpitsu,0,48,0.036368277,False
3,enpitsu,0,64,0.79634047,False
4,Nerfable,1,67,0.6247242,False
5,games5425898691,0,154,0.8892234,True
6,enpitsu,0,180,0.02264492,False
7,games5425898691,0,190,0.039129104,False
8,games5425898691,0,205,0.3513951,True
9,games5425898691,0,206,0.24068293,False
10,games5425898691,0,209,0.95007074,True
