,shot_taker_name,is_orange,time,xg,goal
0,games5425898691,1,0,0.012412184,False
1,Donovannn,0,15,0.6306064,True
2,games5425898691,1,30,0.75278115,True
3,enpitsu,1,46,0.047377214,False
4,enpitsu,1,46,0.1211699,False
5,enpitsu,1,122,0.72756845,True
6,games5425898691,1,202,0.05315862,False
7,games5425898691,1,243,0.6007386,True
