,shot_taker_name,is_orange,time,xg,goal
0,games5425898691,1,0,0.0015322289,False
1,Donovannn,0,15,0.62488043,True
2,games5425898691,1,30,0.40794358,True
3,enpitsu,1,46,0.025870526,False
4,enpitsu,1,46,0.28648785,False
5,enpitsu,1,122,0.88784134,True
6,games5425898691,1,202,0.10627923,False
7,games5425898691,1,243,0.47035235,True
