,shot_taker_name,is_orange,time,xg,goal
0,games5425898691,1,0,0.0014238437,False
1,Donovannn,0,15,0.40730342,True
2,games5425898691,1,30,0.6277263,True
3,enpitsu,1,46,0.058439333,False
4,enpitsu,1,46,0.4777936,False
5,enpitsu,1,122,0.71589404,True
6,games5425898691,1,202,0.08512043,False
7,games5425898691,1,243,0.9342019,True
