,shot_taker_name,is_orange,time,xg,goal
0,games5425898691,1,0,0.0017917678,False
1,Donovannn,0,15,0.7880465,True
2,games5425898691,1,30,0.5240549,True
3,enpitsu,1,46,0.041520596,False
4,enpitsu,1,46,0.12574951,False
5,enpitsu,1,122,0.74497634,True
6,games5425898691,1,202,0.13015345,False
7,games5425898691,1,243,0.92323446,True
