,shot_taker_name,is_orange,time,xg,goal
0,games5425898691,1,0,0.055824384,False
1,Donovannn,0,15,0.5983146,True
2,games5425898691,1,30,0.71646065,True
3,enpitsu,1,46,0.038860302,False
4,enpitsu,1,46,0.27899456,False
5,enpitsu,1,122,0.79981905,True
6,games5425898691,1,202,0.14917254,False
7,games5425898691,1,243,0.51621777,True
