,shot_taker_name,is_orange,time,xg,goal
0,games5425898691,1,0,0.03655289,False
1,Donovannn,0,15,0.46340257,True
2,games5425898691,1,30,0.7307053,True
3,enpitsu,1,46,0.08256346,False
4,enpitsu,1,46,0.1925255,False
5,enpitsu,1,122,0.6937222,True
6,games5425898691,1,202,0.3014791,False
7,games5425898691,1,243,0.66590434,True
