,shot_taker_name,is_orange,time,xg,goal
0,games5425898691,1,0,0.0019264789,False
1,Donovannn,0,15,0.66103446,True
2,games5425898691,1,30,0.82019675,True
3,enpitsu,1,46,0.04159172,False
4,enpitsu,1,46,0.29869306,False
5,enpitsu,1,122,0.64548796,True
6,games5425898691,1,202,0.101289205,False
7,games5425898691,1,243,0.7958544,True
