,shot_taker_name,is_orange,time,xg,goal
0,games5425898691,1,0,0.013997655,False
1,Donovannn,0,15,0.5447842,True
2,games5425898691,1,30,0.84436435,True
3,enpitsu,1,46,0.03782225,False
4,enpitsu,1,46,0.14860925,False
5,enpitsu,1,122,0.6102831,True
6,games5425898691,1,202,0.23597355,False
7,games5425898691,1,243,0.8518916,True
