,shot_taker_name,is_orange,time,xg,goal
0,enpitsu,0,14,0.15434983,False
1,S1lva,1,29,0.047660507,False
2,games5425898691,0,83,0.003384251,False
3,brunozzzZ_,1,87,0.12280829,True
4,S1lva,1,94,0.16110827,False
5,brunozzzZ_,1,122,0.6268896,False
6,games5425898691,0,154,0.9248118,True
7,brunozzzZ_,1,207,0.13773686,False
