,shot_taker_name,is_orange,time,xg,goal
0,enpitsu,0,14,0.17683302,False
1,S1lva,1,29,0.34894106,False
2,games5425898691,0,83,0.001587253,False
3,brunozzzZ_,1,87,0.19084342,True
4,S1lva,1,94,0.17535274,False
5,brunozzzZ_,1,122,0.2467929,False
6,games5425898691,0,154,0.84804,True
7,brunozzzZ_,1,207,0.006612833,False
