,shot_taker_name,is_orange,time,xg,goal
0,enpitsu,0,14,0.07065065,False
1,S1lva,1,29,0.07276285,False
2,games5425898691,0,83,0.010322622,False
3,brunozzzZ_,1,87,0.32254517,True
4,S1lva,1,94,0.23502758,False
5,brunozzzZ_,1,122,0.7695368,False
6,games5425898691,0,154,0.8572671,True
7,brunozzzZ_,1,207,0.12554838,False
