,shot_taker_name,is_orange,time,xg,goal
0,enpitsu,0,14,0.084160976,False
1,S1lva,1,29,0.027305976,False
2,games5425898691,0,83,0.012527878,False
3,brunozzzZ_,1,87,0.35366148,True
4,S1lva,1,94,0.063667424,False
5,brunozzzZ_,1,122,0.658828,False
6,games5425898691,0,154,0.8859709,True
7,brunozzzZ_,1,207,0.045239717,False
