,shot_taker_name,is_orange,time,xg,goal
0,enpitsu,0,14,0.015405801,False
1,S1lva,1,29,0.011395492,False
2,games5425898691,0,83,0.014199319,False
3,brunozzzZ_,1,87,0.11510069,True
4,S1lva,1,94,0.3596659,False
5,brunozzzZ_,1,122,0.38938904,False
6,games5425898691,0,154,0.8130453,True
7,brunozzzZ_,1,207,0.055334628,False
