,shot_taker_name,is_orange,time,xg,goal
0,enpitsu,0,14,0.053345375,False
1,S1lva,1,29,0.050854057,False
2,games5425898691,0,83,0.022079524,False
3,brunozzzZ_,1,87,0.537856,True
4,S1lva,1,94,0.46461546,False
5,brunozzzZ_,1,122,0.76113,False
6,games5425898691,0,154,0.8243863,True
7,brunozzzZ_,1,207,0.11508391,False
