,shot_taker_name,is_orange,time,xg,goal
0,enpitsu,0,14,0.03750047,False
1,S1lva,1,29,0.021071948,False
2,games5425898691,0,83,0.023160653,False
3,brunozzzZ_,1,87,0.4528258,True
4,S1lva,1,94,0.12835464,False
5,brunozzzZ_,1,122,0.67735654,False
6,games5425898691,0,154,0.80339986,True
7,brunozzzZ_,1,207,0.1723778,False
