,shot_taker_name,is_orange,time,xg,goal
0,enpitsu,0,14,0.034290552,False
1,S1lva,1,29,0.027113931,False
2,games5425898691,0,83,0.003545553,False
3,brunozzzZ_,1,87,0.45986283,True
4,S1lva,1,94,0.3198134,False
5,brunozzzZ_,1,122,0.6733372,False
6,games5425898691,0,154,0.77655506,True
7,brunozzzZ_,1,207,0.12926477,False
