,shot_taker_name,is_orange,time,xg,goal
0,enpitsu,0,25,0.88367784,True
1,enpitsu,0,54,0.13566774,False
2,Charles De Gaulle,1,125,0.46932152,False
3,fosors,1,129,0.21723942,False
4,fosors,1,132,0.6811599,True
5,fosors,1,150,0.66039693,False
6,fosors,1,153,0.9057211,True
7,games5425898691,0,236,0.7436317,True
8,enpitsu,0,244,0.051783223,True
