,shot_taker_name,is_orange,time,xg,goal
0,enpitsu,0,25,0.89525336,True
1,enpitsu,0,54,0.5276103,False
2,Charles De Gaulle,1,125,0.41435516,False
3,fosors,1,129,0.40245703,False
4,fosors,1,132,0.22250567,True
5,fosors,1,150,0.37379587,False
6,fosors,1,153,0.9790293,True
7,games5425898691,0,236,0.8617239,True
8,enpitsu,0,244,0.047326878,True
