,shot_taker_name,is_orange,time,xg,goal
0,Carmine10_10,1,43,0.5780019,True
1,xHRO_FlankenTod,1,50,0.8602611,True
2,xHRO_FlankenTod,1,52,0.0011112451,False
3,games5425898691,0,92,0.7155315,True
4,Carmine10_10,1,117,0.13193028,False
5,Carmine10_10,1,169,0.070310734,True
6,xHRO_FlankenTod,1,174,0.05571489,False
7,Carmine10_10,1,193,0.814702,True
8,enpitsu,0,215,0.64641523,True
9,Carmine10_10,1,223,0.13618746,False
10,games5425898691,0,241,0.83869195,True
11,games5425898691,0,271,0.13301158,False
