,shot_taker_name,is_orange,time,xg,goal
0,Carmine10_10,1,43,0.36396277,True
1,xHRO_FlankenTod,1,50,0.73828995,True
2,xHRO_FlankenTod,1,52,0.0043663294,False
3,games5425898691,0,92,0.8007162,True
4,Carmine10_10,1,117,0.15167432,False
5,Carmine10_10,1,169,0.097988546,True
6,xHRO_FlankenTod,1,174,0.07966413,False
7,Carmine10_10,1,193,0.5137286,True
8,enpitsu,0,215,0.7650513,True
9,Carmine10_10,1,223,0.2587993,False
10,games5425898691,0,241,0.776277,True
11,games5425898691,0,271,0.09699953,False
