,shot_taker_name,is_orange,time,xg,goal
0,Carmine10_10,1,43,0.59483117,True
1,xHRO_FlankenTod,1,50,0.7400969,True
2,xHRO_FlankenTod,1,52,0.003384581,False
3,games5425898691,0,92,0.56356645,True
4,Carmine10_10,1,117,0.27105972,False
5,Carmine10_10,1,169,0.19405353,True
6,xHRO_FlankenTod,1,174,0.023141643,False
7,Carmine10_10,1,193,0.7290667,True
8,enpitsu,0,215,0.6407639,True
9,Carmine10_10,1,223,0.3708577,False
10,games5425898691,0,241,0.74457765,True
11,games5425898691,0,271,0.066431805,False
