,shot_taker_name,is_orange,time,xg,goal
0,Carmine10_10,1,43,0.31986374,True
1,xHRO_FlankenTod,1,50,0.68666226,True
2,xHRO_FlankenTod,1,52,0.0028548965,False
3,games5425898691,0,92,0.8949363,True
4,Carmine10_10,1,117,0.81451154,False
5,Carmine10_10,1,169,0.17381121,True
6,xHRO_FlankenTod,1,174,0.02101227,False
7,Carmine10_10,1,193,0.8618622,True
8,enpitsu,0,215,0.40315938,True
9,Carmine10_10,1,223,0.7073273,False
10,games5425898691,0,241,0.5309018,True
11,games5425898691,0,271,0.2653798,False
