,shot_taker_name,is_orange,time,xg,goal
0,Carmine10_10,1,43,0.5606909,True
1,xHRO_FlankenTod,1,50,0.63214713,True
2,xHRO_FlankenTod,1,52,0.0051048943,False
3,games5425898691,0,92,0.8023188,True
4,Carmine10_10,1,117,0.2296614,False
5,Carmine10_10,1,169,0.19665243,True
6,xHRO_FlankenTod,1,174,0.09453612,False
7,Carmine10_10,1,193,0.87871015,True
8,enpitsu,0,215,0.72257304,True
9,Carmine10_10,1,223,0.19962,False
10,games5425898691,0,241,0.8373326,True
11,games5425898691,0,271,0.17468464,False
