,shot_taker_name,is_orange,time,xg,goal
0,Carmine10_10,1,43,0.5537415,True
1,xHRO_FlankenTod,1,50,0.62654424,True
2,xHRO_FlankenTod,1,52,0.0029326223,False
3,games5425898691,0,92,0.74152863,True
4,Carmine10_10,1,117,0.46781167,False
5,Carmine10_10,1,169,0.08491264,True
6,xHRO_FlankenTod,1,174,0.037386473,False
7,Carmine10_10,1,193,0.89069873,True
8,enpitsu,0,215,0.7200967,True
9,Carmine10_10,1,223,0.28133726,False
10,games5425898691,0,241,0.7216662,True
11,games5425898691,0,271,0.1469946,False
