,shot_taker_name,is_orange,time,xg,goal
0,Juan,1,49,0.25398052,False
1,enpitsu,0,71,0.48105255,True
2,Juan,1,127,0.5028105,True
3,games5425898691,0,128,0.0058407886,False
4,Juan,1,183,0.4905535,False
5,Juan,1,200,0.6216294,True
6,enpitsu,0,209,0.115750305,True
7,zNus,1,217,0.16811578,True
8,zNus,1,288,0.78059644,True
