,shot_taker_name,is_orange,time,xg,goal
0,Juan,1,49,0.32978565,False
1,enpitsu,0,71,0.29849318,True
2,Juan,1,127,0.55322886,True
3,games5425898691,0,128,0.0259368,False
4,Juan,1,183,0.47243276,False
5,Juan,1,200,0.66713864,True
6,enpitsu,0,209,0.16085744,True
7,zNus,1,217,0.15873809,True
8,zNus,1,288,0.7545677,True
