,shot_taker_name,is_orange,time,xg,goal
0,SaBR_Vain,0,28.0,0.15123653,True
1,games5425898691,1,122.0,0.112219945,False
2,games5425898691,1,163.0,0.11609813,False
3,games5425898691,1,172.0,0.23217328,False
4,enpitsu,1,178.0,0.10340862,True
5,Bandit,0,199.0,0.39546624,True
6,SaBR_Vain,0,250.0,0.21813865,False
7,SaBR_Vain,0,260.0,0.77288944,True
8,enpitsu,1,278.0,0.029116465,False
9,enpitsu,1,278.0,0.19028267,False
10,Bandit,0,286.0,0.35448226,True
11,enpitsu,1,287.0,0.008659396,False
