,shot_taker_name,is_orange,time,xg,goal
0,SaBR_Vain,0,28.0,0.17577164,True
1,games5425898691,1,122.0,0.06819482,False
2,games5425898691,1,163.0,0.11056776,False
3,games5425898691,1,172.0,0.08225226,False
4,enpitsu,1,178.0,0.11127914,True
5,Bandit,0,199.0,0.38750666,True
6,SaBR_Vain,0,250.0,0.18951239,False
7,SaBR_Vain,0,260.0,0.5037445,True
8,enpitsu,1,278.0,0.018768955,False
9,enpitsu,1,278.0,0.17665648,False
10,Bandit,0,286.0,0.7189908,True
11,enpitsu,1,287.0,0.015458573,False
