,shot_taker_name,is_orange,time,xg,goal
0,SaBR_Vain,0,28.0,0.05613668,True
1,games5425898691,1,122.0,0.12146061,False
2,games5425898691,1,163.0,0.0120186815,False
3,games5425898691,1,172.0,0.1961742,False
4,enpitsu,1,178.0,0.041428912,True
5,Bandit,0,199.0,0.5867613,True
6,SaBR_Vain,0,250.0,0.32040673,False
7,SaBR_Vain,0,260.0,0.48169386,True
8,enpitsu,1,278.0,0.14993781,False
9,enpitsu,1,278.0,0.08333036,False
10,Bandit,0,286.0,0.4543794,True
11,enpitsu,1,287.0,0.047502093,False
