,shot_taker_name,is_orange,time,xg,goal
0,SaBR_Vain,0,28.0,0.17001516,True
1,games5425898691,1,122.0,0.253925,False
2,games5425898691,1,163.0,0.0805602,False
3,games5425898691,1,172.0,0.10933072,False
4,enpitsu,1,178.0,0.09162253,True
5,Bandit,0,199.0,0.5403051,True
6,SaBR_Vain,0,250.0,0.33790162,False
7,SaBR_Vain,0,260.0,0.563976,True
8,enpitsu,1,278.0,0.042872295,False
9,enpitsu,1,278.0,0.22463936,False
10,Bandit,0,286.0,0.6771875,True
11,enpitsu,1,287.0,0.00398799,False
