,shot_taker_name,is_orange,time,xg,goal
0,SaBR_Vain,0,28.0,0.20037189,True
1,games5425898691,1,122.0,0.044434976,False
2,games5425898691,1,163.0,0.01633036,False
3,games5425898691,1,172.0,0.06329379,False
4,enpitsu,1,178.0,0.033972476,True
5,Bandit,0,199.0,0.6005235,True
6,SaBR_Vain,0,250.0,0.26188084,False
7,SaBR_Vain,0,260.0,0.7311923,True
8,enpitsu,1,278.0,0.004713074,False
9,enpitsu,1,278.0,0.015744003,False
10,Bandit,0,286.0,0.90952224,True
11,enpitsu,1,287.0,0.019154374,False
