,shot_taker_name,is_orange,time,xg,goal
0,SaBR_Vain,0,28.0,0.1918609,True
1,games5425898691,1,122.0,0.12222439,False
2,games5425898691,1,163.0,0.08402505,False
3,games5425898691,1,172.0,0.058637425,False
4,enpitsu,1,178.0,0.13360412,True
5,Bandit,0,199.0,0.4798318,True
6,SaBR_Vain,0,250.0,0.1009366,False
7,SaBR_Vain,0,260.0,0.63056797,True
8,enpitsu,1,278.0,0.0670108,False
9,enpitsu,1,278.0,0.19582355,False
10,Bandit,0,286.0,0.7902328,True
11,enpitsu,1,287.0,0.02059888,False
