,shot_taker_name,is_orange,time,xg,goal
0,SaBR_Vain,0,28.0,0.16390818,True
1,games5425898691,1,122.0,0.25699487,False
2,games5425898691,1,163.0,0.16609928,False
3,games5425898691,1,172.0,0.16310635,False
4,enpitsu,1,178.0,0.17434536,True
5,Bandit,0,199.0,0.48517984,True
6,SaBR_Vain,0,250.0,0.30441603,False
7,SaBR_Vain,0,260.0,0.69493073,True
8,enpitsu,1,278.0,0.030041708,False
9,enpitsu,1,278.0,0.16013297,False
10,Bandit,0,286.0,0.7993972,True
11,enpitsu,1,287.0,0.017604638,False
