,shot_taker_name,is_orange,time,xg,goal
0,SaBR_Vain,0,28.0,0.49367625,True
1,games5425898691,1,122.0,0.011440909,False
2,games5425898691,1,163.0,0.022602001,False
3,games5425898691,1,172.0,0.45569745,False
4,enpitsu,1,178.0,0.15211551,True
5,Bandit,0,199.0,0.36480495,True
6,SaBR_Vain,0,250.0,0.7038978,False
7,SaBR_Vain,0,260.0,0.6248812,True
8,enpitsu,1,278.0,0.038193345,False
9,enpitsu,1,278.0,0.10744868,False
10,Bandit,0,286.0,0.77933735,True
11,enpitsu,1,287.0,0.006707694,False
