,shot_taker_name,is_orange,time,xg,goal
0,JuicyDingo105,1,0.0,0.0035740717,False
1,JuicyDingo105,1,12.0,0.5330245,False
2,Fahad,1,17.0,0.2688955,True
3,enpitsu,0,20.0,0.24417628,False
4,enpitsu,0,39.0,0.593361,False
5,Fahad,1,71.0,0.56920564,True
6,games5425898691,0,76.0,0.18705575,True
7,games5425898691,0,104.0,0.65921104,True
8,enpitsu,0,234.0,0.21492274,True
9,games5425898691,0,258.0,0.79859006,True
10,JuicyDingo105,1,272.0,0.23083387,True
11,JuicyDingo105,1,328.0,0.112145975,True
