,shot_taker_name,is_orange,time,xg,goal
0,JuicyDingo105,1,0.0,0.021667346,False
1,JuicyDingo105,1,12.0,0.50870514,False
2,Fahad,1,17.0,0.13006617,True
3,enpitsu,0,20.0,0.12353814,False
4,enpitsu,0,39.0,0.9032982,False
5,Fahad,1,71.0,0.66620785,True
6,games5425898691,0,76.0,0.4503671,True
7,games5425898691,0,104.0,0.7127825,True
8,enpitsu,0,234.0,0.16764197,True
9,games5425898691,0,258.0,0.85336405,True
10,JuicyDingo105,1,272.0,0.570298,True
11,JuicyDingo105,1,328.0,0.11993542,True
