,shot_taker_name,is_orange,time,xg,goal
0,JuicyDingo105,1,0.0,0.0074119857,False
1,JuicyDingo105,1,12.0,0.47497308,False
2,Fahad,1,17.0,0.31997803,True
3,enpitsu,0,20.0,0.26234233,False
4,enpitsu,0,39.0,0.46368772,False
5,Fahad,1,71.0,0.58564156,True
6,games5425898691,0,76.0,0.7122207,True
7,games5425898691,0,104.0,0.3406664,True
8,enpitsu,0,234.0,0.18474436,True
9,games5425898691,0,258.0,0.844561,True
10,JuicyDingo105,1,272.0,0.108985424,True
11,JuicyDingo105,1,328.0,0.14688373,True
