,shot_taker_name,is_orange,time,xg,goal
0,JuicyDingo105,1,0.0,0.0019125202,False
1,JuicyDingo105,1,12.0,0.31632757,False
2,Fahad,1,17.0,0.37354377,True
3,enpitsu,0,20.0,0.16421543,False
4,enpitsu,0,39.0,0.42484096,False
5,Fahad,1,71.0,0.58380634,True
6,games5425898691,0,76.0,0.90832,True
7,games5425898691,0,104.0,0.1274312,True
8,enpitsu,0,234.0,0.20324166,True
9,games5425898691,0,258.0,0.8789595,True
10,JuicyDingo105,1,272.0,0.23256522,True
11,JuicyDingo105,1,328.0,0.40568867,True
