,shot_taker_name,is_orange,time,xg,goal
0,JuicyDingo105,1,0.0,0.0026942575,False
1,JuicyDingo105,1,12.0,0.8309538,False
2,Fahad,1,17.0,0.24487364,True
3,enpitsu,0,20.0,0.11008449,False
4,enpitsu,0,39.0,0.5235841,False
5,Fahad,1,71.0,0.6001799,True
6,games5425898691,0,76.0,0.5250143,True
7,games5425898691,0,104.0,0.34604326,True
8,enpitsu,0,234.0,0.17880532,True
9,games5425898691,0,258.0,0.81732893,True
10,JuicyDingo105,1,272.0,0.08367003,True
11,JuicyDingo105,1,328.0,0.1343757,True
