,shot_taker_name,is_orange,time,xg,goal
0,JuicyDingo105,1,0.0,0.0018641709,False
1,JuicyDingo105,1,12.0,0.59227383,False
2,Fahad,1,17.0,0.1160521,True
3,enpitsu,0,20.0,0.0963441,False
4,enpitsu,0,39.0,0.6278466,False
5,Fahad,1,71.0,0.15331458,True
6,games5425898691,0,76.0,0.9277784,True
7,games5425898691,0,104.0,0.4589908,True
8,enpitsu,0,234.0,0.09737443,True
9,games5425898691,0,258.0,0.88298506,True
10,JuicyDingo105,1,272.0,0.32271668,True
11,JuicyDingo105,1,328.0,0.34167323,True
