,shot_taker_name,is_orange,time,xg,goal
0,JuicyDingo105,1,0.0,0.019892467,False
1,JuicyDingo105,1,12.0,0.57706434,False
2,Fahad,1,17.0,0.1827266,True
3,enpitsu,0,20.0,0.19066788,False
4,enpitsu,0,39.0,0.5907386,False
5,Fahad,1,71.0,0.60416806,True
6,games5425898691,0,76.0,0.56841266,True
7,games5425898691,0,104.0,0.4693793,True
8,enpitsu,0,234.0,0.26621634,True
9,games5425898691,0,258.0,0.83517337,True
10,JuicyDingo105,1,272.0,0.114799485,True
11,JuicyDingo105,1,328.0,0.22790761,True
