,shot_taker_name,is_orange,time,xg,goal
0,Azoor Ahai,1,94,0.047119908,False
1,Azoor Ahai,1,104,0.1578816,False
2,V4ste,1,109,0.9454422,False
3,Azoor Ahai,1,112,0.80074847,True
4,games5425898691,0,120,0.64302135,True
5,enpitsu,0,120,0.16368316,False
6,Azoor Ahai,1,144,0.6331688,True
7,V4ste,1,156,0.07084176,False
8,Azoor Ahai,1,212,0.16197462,False
9,V4ste,1,257,0.4556967,True
10,games5425898691,0,293,0.16766423,False
