,shot_taker_name,is_orange,time,xg,goal
0,Azoor Ahai,1,94,0.07284678,False
1,Azoor Ahai,1,104,0.03309942,False
2,V4ste,1,109,0.46074888,False
3,Azoor Ahai,1,112,0.87570393,True
4,games5425898691,0,120,0.81583136,True
5,enpitsu,0,120,0.20861591,False
6,Azoor Ahai,1,144,0.38012448,True
7,V4ste,1,156,0.11215948,False
8,Azoor Ahai,1,212,0.18001665,False
9,V4ste,1,257,0.5157541,True
10,games5425898691,0,293,0.3133433,False
