,shot_taker_name,is_orange,time,xg,goal
0,Azoor Ahai,1,94,0.13003728,False
1,Azoor Ahai,1,104,0.03997764,False
2,V4ste,1,109,0.7168945,False
3,Azoor Ahai,1,112,0.9199543,True
4,games5425898691,0,120,0.84684324,True
5,enpitsu,0,120,0.13412112,False
6,Azoor Ahai,1,144,0.5853283,True
7,V4ste,1,156,0.13837051,False
8,Azoor Ahai,1,212,0.17889921,False
9,V4ste,1,257,0.44215494,True
10,games5425898691,0,293,0.18557249,False
