,shot_taker_name,is_orange,time,xg,goal
0,Azoor Ahai,1,94,0.123392515,False
1,Azoor Ahai,1,104,0.05933922,False
2,V4ste,1,109,0.74523187,False
3,Azoor Ahai,1,112,0.8892924,True
4,games5425898691,0,120,0.81539273,True
5,enpitsu,0,120,0.2910679,False
6,Azoor Ahai,1,144,0.32273427,True
7,V4ste,1,156,0.13995951,False
8,Azoor Ahai,1,212,0.15534168,False
9,V4ste,1,257,0.19800574,True
10,games5425898691,0,293,0.19508174,False
