,shot_taker_name,is_orange,time,xg,goal
0,Azoor Ahai,1,94,0.18941042,False
1,Azoor Ahai,1,104,0.15958004,False
2,V4ste,1,109,0.7952657,False
3,Azoor Ahai,1,112,0.8623019,True
4,games5425898691,0,120,0.67682856,True
5,enpitsu,0,120,0.123544365,False
6,Azoor Ahai,1,144,0.42117944,True
7,V4ste,1,156,0.1534802,False
8,Azoor Ahai,1,212,0.17381874,False
9,V4ste,1,257,0.47861356,True
10,games5425898691,0,293,0.3370929,False
