,shot_taker_name,is_orange,time,xg,goal
0,Azoor Ahai,1,94,0.09732255,False
1,Azoor Ahai,1,104,0.06348176,False
2,V4ste,1,109,0.44948456,False
3,Azoor Ahai,1,112,0.8806689,True
4,games5425898691,0,120,0.8248843,True
5,enpitsu,0,120,0.15323421,False
6,Azoor Ahai,1,144,0.3437692,True
7,V4ste,1,156,0.070270166,False
8,Azoor Ahai,1,212,0.3158484,False
9,V4ste,1,257,0.56546825,True
10,games5425898691,0,293,0.23317285,False
