,shot_taker_name,is_orange,time,xg,goal
0,Azoor Ahai,1,94,0.030520331,False
1,Azoor Ahai,1,104,0.018450832,False
2,V4ste,1,109,0.79137117,False
3,Azoor Ahai,1,112,0.9065693,True
4,games5425898691,0,120,0.9046741,True
5,enpitsu,0,120,0.069122516,False
6,Azoor Ahai,1,144,0.47491968,True
7,V4ste,1,156,0.14594628,False
8,Azoor Ahai,1,212,0.17538284,False
9,V4ste,1,257,0.611887,True
10,games5425898691,0,293,0.46904448,False
