,shot_taker_name,is_orange,time,xg,goal
0,Azoor Ahai,1,94,0.055080462,False
1,Azoor Ahai,1,104,0.079405375,False
2,V4ste,1,109,0.9369437,False
3,Azoor Ahai,1,112,0.9599122,True
4,games5425898691,0,120,0.8321757,True
5,enpitsu,0,120,0.10199429,False
6,Azoor Ahai,1,144,0.66497386,True
7,V4ste,1,156,0.21132784,False
8,Azoor Ahai,1,212,0.19161081,False
9,V4ste,1,257,0.49242434,True
10,games5425898691,0,293,0.26452672,False
