,shot_taker_name,is_orange,time,xg,goal
0,enpitsu,0,20,0.24515541,False
1,cold,1,31,0.60207653,True
2,enpitsu,0,45,0.1658449,False
3,zeeUUuuUUUuu,1,60,0.45118973,True
4,zeeUUuuUUUuu,1,64,0.03278779,False
5,games5425898691,0,70,0.3151214,False
6,cold,1,95,0.44482043,False
7,zeeUUuuUUUuu,1,110,0.02634852,False
8,games5425898691,0,203,0.08344608,False
9,games5425898691,0,272,0.01222661,False
10,games5425898691,0,284,0.13069198,False
