,shot_taker_name,is_orange,time,xg,goal
0,enpitsu,0,20,0.37157792,False
1,cold,1,31,0.52998716,True
2,enpitsu,0,45,0.023317479,False
3,zeeUUuuUUUuu,1,60,0.5667915,True
4,zeeUUuuUUUuu,1,64,0.045184404,False
5,games5425898691,0,70,0.28628054,False
6,cold,1,95,0.05609844,False
7,zeeUUuuUUUuu,1,110,0.03579653,False
8,games5425898691,0,203,0.13488027,False
9,games5425898691,0,272,0.024149287,False
10,games5425898691,0,284,0.07805625,False
