,shot_taker_name,is_orange,time,xg,goal
0,enpitsu,1,0,0.030470608,False
1,SkyZololo,0,27,0.23277521,True
2,SkyZololo,0,116,0.2643824,True
3,enpitsu,1,144,0.14928171,False
4,games5425898691,1,163,0.7998453,True
5,games5425898691,1,194,0.07844493,False
6,enpitsu,1,212,0.036588673,False
7,SkyZololo,0,238,0.27192527,False
8,lilianbig1,0,247,0.268803,False
9,SkyZololo,0,251,0.23808758,False
10,SkyZololo,0,311,0.56958884,True
