,shot_taker_name,is_orange,time,xg,goal
0,enpitsu,1,0,0.0113814315,False
1,SkyZololo,0,27,0.08841594,True
2,SkyZololo,0,116,0.26378006,True
3,enpitsu,1,144,0.10253882,False
4,games5425898691,1,163,0.82672113,True
5,games5425898691,1,194,0.10457136,False
6,enpitsu,1,212,0.05078336,False
7,SkyZololo,0,238,0.3229087,False
8,lilianbig1,0,247,0.26027188,False
9,SkyZololo,0,251,0.29329777,False
10,SkyZololo,0,311,0.4755555,True
