,shot_taker_name,is_orange,time,xg,goal
0,enpitsu,1,0,0.010837341,False
1,SkyZololo,0,27,0.10483448,True
2,SkyZololo,0,116,0.15206689,True
3,enpitsu,1,144,0.27593055,False
4,games5425898691,1,163,0.76837075,True
5,games5425898691,1,194,0.063691586,False
6,enpitsu,1,212,0.06132689,False
7,SkyZololo,0,238,0.22129855,False
8,lilianbig1,0,247,0.1907007,False
9,SkyZololo,0,251,0.24552566,False
10,SkyZololo,0,311,0.503824,True
