,shot_taker_name,is_orange,time,xg,goal
0,AZ.,0,12,0.07255236,False
1,zi9k__,0,27,0.47920123,True
2,enpitsu,1,30,0.6447684,True
3,games5425898691,1,102,0.14089373,True
4,zi9k__,0,128,0.29315162,True
5,enpitsu,1,135,0.2568379,False
6,AZ.,0,155,0.04982094,False
7,enpitsu,1,174,0.24236219,False
8,zi9k__,0,182,0.193077,True
9,AZ.,0,193,0.067790546,False
10,zi9k__,0,195,0.82743657,True
11,enpitsu,1,217,0.4606459,False
12,zi9k__,0,300,0.67700076,False
