,shot_taker_name,is_orange,time,xg,goal
0,AZ.,0,12,0.107755095,False
1,zi9k__,0,27,0.6229339,True
2,enpitsu,1,30,0.77959365,True
3,games5425898691,1,102,0.18225624,True
4,zi9k__,0,128,0.38580203,True
5,enpitsu,1,135,0.19443645,False
6,AZ.,0,155,0.050081953,False
7,enpitsu,1,174,0.15658633,False
8,zi9k__,0,182,0.1926152,True
9,AZ.,0,193,0.12999022,False
10,zi9k__,0,195,0.5996736,True
11,enpitsu,1,217,0.3294625,False
12,zi9k__,0,300,0.8290223,False
