,shot_taker_name,is_orange,time,xg,goal
0,AZ.,0,12,0.0627804,False
1,zi9k__,0,27,0.49190965,True
2,enpitsu,1,30,0.6530844,True
3,games5425898691,1,102,0.23148212,True
4,zi9k__,0,128,0.26851895,True
5,enpitsu,1,135,0.17235641,False
6,AZ.,0,155,0.0220635,False
7,enpitsu,1,174,0.17896183,False
8,zi9k__,0,182,0.31252113,True
9,AZ.,0,193,0.030499138,False
10,zi9k__,0,195,0.7812127,True
11,enpitsu,1,217,0.47004735,False
12,zi9k__,0,300,0.82001376,False
