,shot_taker_name,is_orange,time,xg,goal
0,enpitsu,0,31,0.13428152,True
1,Twitch | Loxyspace,1,92,0.29052007,True
2,games5425898691,0,102,0.50485176,True
3,games5425898691,0,109,0.04410606,False
4,games5425898691,0,166,0.43946353,True
5,Twitch | Loxyspace,1,207,0.106392086,True
6,DmaxCiao_,1,213,0.3386627,False
7,DmaxCiao_,1,270,0.044404827,False
8,enpitsu,0,274,0.0976642,True
9,enpitsu,0,295,0.6566609,True
