,shot_taker_name,is_orange,time,xg,goal
0,enpitsu,0,31,0.12705627,True
1,Twitch | Loxyspace,1,92,0.42522857,True
2,games5425898691,0,102,0.52716666,True
3,games5425898691,0,109,0.058577046,False
4,games5425898691,0,166,0.722739,True
5,Twitch | Loxyspace,1,207,0.24674316,True
6,DmaxCiao_,1,213,0.1662947,False
7,DmaxCiao_,1,270,0.19563074,False
8,enpitsu,0,274,0.074566945,True
9,enpitsu,0,295,0.33306405,True
