,shot_taker_name,is_orange,time,xg,goal
0,enpitsu,0,31,0.17692685,True
1,Twitch | Loxyspace,1,92,0.20603533,True
2,games5425898691,0,102,0.52769583,True
3,games5425898691,0,109,0.05402686,False
4,games5425898691,0,166,0.8773012,True
5,Twitch | Loxyspace,1,207,0.20859258,True
6,DmaxCiao_,1,213,0.29656938,False
7,DmaxCiao_,1,270,0.1399134,False
8,enpitsu,0,274,0.14283524,True
9,enpitsu,0,295,0.31418043,True
