,shot_taker_name,is_orange,time,xg,goal
0,pacoterreno,1,67,0.08735419,False
1,pacoterreno,1,75,0.36663488,False
2,enpitsu,0,86,0.267377,False
3,pacoterreno,1,96,0.1426213,False
4,games5425898691,0,112,0.068406604,False
5,games5425898691,0,115,0.5769642,True
6,enpitsu,0,127,0.6877646,True
7,games5425898691,0,153,0.75404847,False
8,enpitsu,0,229,0.6424621,True
