,shot_taker_name,is_orange,time,xg,goal
0,pacoterreno,1,67,0.08892398,False
1,pacoterreno,1,75,0.44131976,False
2,enpitsu,0,86,0.107017,False
3,pacoterreno,1,96,0.20445247,False
4,games5425898691,0,112,0.013970967,False
5,games5425898691,0,115,0.407603,True
6,enpitsu,0,127,0.701805,True
7,games5425898691,0,153,0.73834956,False
8,enpitsu,0,229,0.342715,True
