,shot_taker_name,is_orange,time,xg,goal
0,pacoterreno,1,67,0.088662446,False
1,pacoterreno,1,75,0.20760424,False
2,enpitsu,0,86,0.13198577,False
3,pacoterreno,1,96,0.27628884,False
4,games5425898691,0,112,0.025012923,False
5,games5425898691,0,115,0.5022075,True
6,enpitsu,0,127,0.5214717,True
7,games5425898691,0,153,0.46206942,False
8,enpitsu,0,229,0.43635714,True
