,shot_taker_name,is_orange,time,xg,goal
0,pacoterreno,1,67,0.063601986,False
1,pacoterreno,1,75,0.16872929,False
2,enpitsu,0,86,0.114555165,False
3,pacoterreno,1,96,0.2090305,False
4,games5425898691,0,112,0.021144852,False
5,games5425898691,0,115,0.46918094,True
6,enpitsu,0,127,0.4899746,True
7,games5425898691,0,153,0.57847404,False
8,enpitsu,0,229,0.6879624,True
