,shot_taker_name,is_orange,time,xg,goal
0,pacoterreno,1,67,0.022894341,False
1,pacoterreno,1,75,0.05673585,False
2,enpitsu,0,86,0.14414799,False
3,pacoterreno,1,96,0.22572522,False
4,games5425898691,0,112,0.019284679,False
5,games5425898691,0,115,0.738121,True
6,enpitsu,0,127,0.08314973,True
7,games5425898691,0,153,0.88869745,False
8,enpitsu,0,229,0.70288575,True
