,shot_taker_name,is_orange,time,xg,goal
0,pacoterreno,1,67,0.080103464,False
1,pacoterreno,1,75,0.33555815,False
2,enpitsu,0,86,0.14856295,False
3,pacoterreno,1,96,0.13324508,False
4,games5425898691,0,112,0.0633275,False
5,games5425898691,0,115,0.4123104,True
6,enpitsu,0,127,0.34047303,True
7,games5425898691,0,153,0.16239923,False
8,enpitsu,0,229,0.41010985,True
