,shot_taker_name,is_orange,time,xg,goal
0,pacoterreno,1,67,0.041594278,False
1,pacoterreno,1,75,0.26150677,False
2,enpitsu,0,86,0.1477936,False
3,pacoterreno,1,96,0.109365255,False
4,games5425898691,0,112,0.03194879,False
5,games5425898691,0,115,0.6019671,True
6,enpitsu,0,127,0.5155142,True
7,games5425898691,0,153,0.27785513,False
8,enpitsu,0,229,0.5399028,True
