,shot_taker_name,is_orange,time,xg,goal
0,pacoterreno,1,67,0.031403594,False
1,pacoterreno,1,75,0.19955404,False
2,enpitsu,0,86,0.18984902,False
3,pacoterreno,1,96,0.0897737,False
4,games5425898691,0,112,0.01789996,False
5,games5425898691,0,115,0.5368622,True
6,enpitsu,0,127,0.34997883,True
7,games5425898691,0,153,0.54772985,False
8,enpitsu,0,229,0.66837674,True
