,shot_taker_name,is_orange,time,xg,goal
0,enpitsu,1,18.0,0.28366286,False
1,Fallemne,0,81.0,0.3306536,False
2,games5425898691,1,121.0,0.32188982,False
3,games5425898691,1,133.0,0.011256824,False
4,LeToine38,0,150.0,0.455143,True
5,enpitsu,1,183.0,0.47299725,False
6,games5425898691,1,186.0,0.3080226,False
7,LeToine38,0,210.0,0.08614624,False
8,enpitsu,1,278.0,0.05159784,False
9,enpitsu,1,284.0,0.8056662,True
