,shot_taker_name,is_orange,time,xg,goal
0,enpitsu,1,18.0,0.2975093,False
1,Fallemne,0,81.0,0.3557703,False
2,games5425898691,1,121.0,0.3945115,False
3,games5425898691,1,133.0,0.0043450403,False
4,LeToine38,0,150.0,0.48200175,True
5,enpitsu,1,183.0,0.3965087,False
6,games5425898691,1,186.0,0.3939483,False
7,LeToine38,0,210.0,0.06322634,False
8,enpitsu,1,278.0,0.074737474,False
9,enpitsu,1,284.0,0.7475612,True
