,shot_taker_name,is_orange,time,xg,goal
0,games5425898691,0,48,0.42844868,True
1,enpitsu,0,83,0.5643023,False
2,games5425898691,0,162,0.6787098,False
3,NLB_zOoM,1,221,0.8871491,True
4,NLB_zOoM,1,243,0.2058291,True
5,enpitsu,0,244,0.02476313,False
6,enpitsu,0,245,0.03361045,False
7,NLB_ToXiQuE,1,258,0.5369952,True
8,games5425898691,0,259,0.033141855,False
9,enpitsu,0,275,0.027523838,False
10,enpitsu,0,289,0.81150293,True
11,games5425898691,0,295,0.25564393,False
