,shot_taker_name,is_orange,time,xg,goal
0,games5425898691,0,48,0.3144002,True
1,enpitsu,0,83,0.28745854,False
2,games5425898691,0,162,0.6320167,False
3,NLB_zOoM,1,221,0.89853793,True
4,NLB_zOoM,1,243,0.13269725,True
5,enpitsu,0,244,0.008394509,False
6,enpitsu,0,245,0.011763544,False
7,NLB_ToXiQuE,1,258,0.46097472,True
8,games5425898691,0,259,0.022983141,False
9,enpitsu,0,275,0.015179295,False
10,enpitsu,0,289,0.88978827,True
11,games5425898691,0,295,0.30566096,False
