,shot_taker_name,is_orange,time,xg,goal
0,games5425898691,0,48,0.26971492,True
1,enpitsu,0,83,0.58173686,False
2,games5425898691,0,162,0.9042378,False
3,NLB_zOoM,1,221,0.9094392,True
4,NLB_zOoM,1,243,0.16573483,True
5,enpitsu,0,244,0.01179859,False
6,enpitsu,0,245,0.053661514,False
7,NLB_ToXiQuE,1,258,0.6458397,True
8,games5425898691,0,259,0.02320284,False
9,enpitsu,0,275,0.013291023,False
10,enpitsu,0,289,0.8860783,True
11,games5425898691,0,295,0.23476285,False
