,shot_taker_name,is_orange,time,xg,goal
0,games5425898691,0,5,0.44771075,False
1,enpitsu,0,17,0.5675502,True
2,PGLO VANTAGE,1,18,0.0086101815,False
3,games5425898691,0,82,0.29129085,False
4,enpitsu,0,87,0.5636509,False
5,SnoobYz,1,101,0.11434682,False
6,SnoobYz,1,102,0.54513544,False
7,PGLO VANTAGE,1,104,0.6048002,True
8,games5425898691,0,127,0.29770297,True
9,enpitsu,0,133,0.44595975,True
10,SnoobYz,1,169,0.41511878,True
11,enpitsu,0,177,0.47483844,True
12,enpitsu,0,211,0.8238913,True
