,shot_taker_name,is_orange,time,xg,goal
0,games5425898691,0,5,0.26804543,False
1,enpitsu,0,17,0.5834286,True
2,PGLO VANTAGE,1,18,0.0020930923,False
3,games5425898691,0,82,0.119552545,False
4,enpitsu,0,87,0.49312145,False
5,SnoobYz,1,101,0.10874505,False
6,SnoobYz,1,102,0.3428089,False
7,PGLO VANTAGE,1,104,0.7576007,True
8,games5425898691,0,127,0.36217508,True
9,enpitsu,0,133,0.064420484,True
10,SnoobYz,1,169,0.3678176,True
11,enpitsu,0,177,0.50516427,True
12,enpitsu,0,211,0.8071621,True
