,shot_taker_name,is_orange,time,xg,goal
0,games5425898691,0,5,0.30408415,False
1,enpitsu,0,17,0.6724341,True
2,PGLO VANTAGE,1,18,0.0009249896,False
3,games5425898691,0,82,0.1325456,False
4,enpitsu,0,87,0.6545142,False
5,SnoobYz,1,101,0.17854314,False
6,SnoobYz,1,102,0.24243568,False
7,PGLO VANTAGE,1,104,0.7859487,True
8,games5425898691,0,127,0.15594071,True
9,enpitsu,0,133,0.10993234,True
10,SnoobYz,1,169,0.36652455,True
11,enpitsu,0,177,0.46562392,True
12,enpitsu,0,211,0.833047,True
