,shot_taker_name,is_orange,time,xg,goal
0,ATOMExS,0,43,0.47763598,True
1,BadAeRoX,0,63,0.6712505,True
2,BadAeRoX,0,91,0.055150017,False
3,ATOMExS,0,107,0.7021384,True
4,BadAeRoX,0,163,0.9606479,True
5,games5425898691,1,184,0.64801973,True
6,games5425898691,1,200,0.9493596,False
7,ATOMExS,0,231,0.20208317,False
8,ATOMExS,0,232,0.29722244,True
9,BadAeRoX,0,273,0.04219969,False
10,games5425898691,1,283,0.07918303,False
