,shot_taker_name,is_orange,time,xg,goal
0,ATOMExS,0,43,0.39910442,True
1,BadAeRoX,0,63,0.8028255,True
2,BadAeRoX,0,91,0.069944836,False
3,ATOMExS,0,107,0.790039,True
4,BadAeRoX,0,163,0.9643017,True
5,games5425898691,1,184,0.7024034,True
6,games5425898691,1,200,0.9510351,False
7,ATOMExS,0,231,0.18230762,False
8,ATOMExS,0,232,0.3714263,True
9,BadAeRoX,0,273,0.06601943,False
10,games5425898691,1,283,0.08128326,False
