,shot_taker_name,is_orange,time,xg,goal
0,ATOMExS,0,43,0.21952121,True
1,BadAeRoX,0,63,0.9369301,True
2,BadAeRoX,0,91,0.067713015,False
3,ATOMExS,0,107,0.6740801,True
4,BadAeRoX,0,163,0.995165,True
5,games5425898691,1,184,0.8009635,True
6,games5425898691,1,200,0.9494858,False
7,ATOMExS,0,231,0.23021173,False
8,ATOMExS,0,232,0.041950863,True
9,BadAeRoX,0,273,0.05187875,False
10,games5425898691,1,283,0.07673681,False
