,shot_taker_name,is_orange,time,xg,goal
0,ATOMExS,0,43,0.35863212,True
1,BadAeRoX,0,63,0.7061617,True
2,BadAeRoX,0,91,0.0729196,False
3,ATOMExS,0,107,0.73633885,True
4,BadAeRoX,0,163,0.96229076,True
5,games5425898691,1,184,0.8363451,True
6,games5425898691,1,200,0.90149397,False
7,ATOMExS,0,231,0.14008152,False
8,ATOMExS,0,232,0.30556512,True
9,BadAeRoX,0,273,0.0501142,False
10,games5425898691,1,283,0.05744897,False
