,shot_taker_name,is_orange,time,xg,goal
0,ATOMExS,0,43,0.30392328,True
1,BadAeRoX,0,63,0.90041596,True
2,BadAeRoX,0,91,0.07789639,False
3,ATOMExS,0,107,0.21595515,True
4,BadAeRoX,0,163,0.9883294,True
5,games5425898691,1,184,0.804185,True
6,games5425898691,1,200,0.93441045,False
7,ATOMExS,0,231,0.14011456,False
8,ATOMExS,0,232,0.4913364,True
9,BadAeRoX,0,273,0.017837483,False
10,games5425898691,1,283,0.07180007,False
