,shot_taker_name,is_orange,time,xg,goal
0,ATOMExS,0,43,0.5991953,True
1,BadAeRoX,0,63,0.608391,True
2,BadAeRoX,0,91,0.11593662,False
3,ATOMExS,0,107,0.7605572,True
4,BadAeRoX,0,163,0.925954,True
5,games5425898691,1,184,0.8441652,True
6,games5425898691,1,200,0.94351417,False
7,ATOMExS,0,231,0.12657204,False
8,ATOMExS,0,232,0.22777864,True
9,BadAeRoX,0,273,0.060318496,False
10,games5425898691,1,283,0.07168416,False
