,shot_taker_name,is_orange,time,xg,goal
0,ATOMExS,0,43,0.6490381,True
1,BadAeRoX,0,63,0.6124233,True
2,BadAeRoX,0,91,0.033937845,False
3,ATOMExS,0,107,0.74218917,True
4,BadAeRoX,0,163,0.9938678,True
5,games5425898691,1,184,0.6963657,True
6,games5425898691,1,200,0.8747763,False
7,ATOMExS,0,231,0.05495393,False
8,ATOMExS,0,232,0.083900556,True
9,BadAeRoX,0,273,0.018275563,False
10,games5425898691,1,283,0.1683386,False
