,shot_taker_name,is_orange,time,xg,goal
0,ATOMExS,0,43,0.77659136,True
1,BadAeRoX,0,63,0.79859734,True
2,BadAeRoX,0,91,0.059577532,False
3,ATOMExS,0,107,0.4837586,True
4,BadAeRoX,0,163,0.9960665,True
5,games5425898691,1,184,0.78394353,True
6,games5425898691,1,200,0.9872228,False
7,ATOMExS,0,231,0.3902492,False
8,ATOMExS,0,232,0.40262833,True
9,BadAeRoX,0,273,0.048968013,False
10,games5425898691,1,283,0.11756364,False
