,shot_taker_name,is_orange,time,xg,goal
0,Gabeszunk,1,16,0.18977195,False
1,Gabeszunk,1,29,0.15919678,False
2,enpitsu,0,39,0.9586048,True
3,games5425898691,0,59,0.18828396,False
4,games5425898691,0,85,0.59158427,True
5,ahaminden7,1,86,0.0017509517,False
6,Gabeszunk,1,167,0.0744041,False
7,Gabeszunk,1,178,0.3237977,True
8,games5425898691,0,192,0.29027072,True
9,ahaminden7,1,204,0.36530077,False
10,enpitsu,0,229,0.23515186,True
