,shot_taker_name,is_orange,time,xg,goal
0,Gabeszunk,1,16,0.120781176,False
1,Gabeszunk,1,29,0.08238308,False
2,enpitsu,0,39,0.95532703,True
3,games5425898691,0,59,0.36259645,False
4,games5425898691,0,85,0.41830415,True
5,ahaminden7,1,86,0.004099583,False
6,Gabeszunk,1,167,0.039565124,False
7,Gabeszunk,1,178,0.07897739,True
8,games5425898691,0,192,0.3457584,True
9,ahaminden7,1,204,0.53206044,False
10,enpitsu,0,229,0.12332712,True
