,shot_taker_name,is_orange,time,xg,goal
0,Gabeszunk,1,16,0.38422325,False
1,Gabeszunk,1,29,0.08910241,False
2,enpitsu,0,39,0.94260174,True
3,games5425898691,0,59,0.060879454,False
4,games5425898691,0,85,0.62775487,True
5,ahaminden7,1,86,0.0030034662,False
6,Gabeszunk,1,167,0.052435167,False
7,Gabeszunk,1,178,0.11648515,True
8,games5425898691,0,192,0.42388767,True
9,ahaminden7,1,204,0.3077225,False
10,enpitsu,0,229,0.31302854,True
