,shot_taker_name,is_orange,time,xg,goal
0,Gabeszunk,1,16,0.3662424,False
1,Gabeszunk,1,29,0.28362185,False
2,enpitsu,0,39,0.92619467,True
3,games5425898691,0,59,0.12290171,False
4,games5425898691,0,85,0.50010574,True
5,ahaminden7,1,86,0.0035677853,False
6,Gabeszunk,1,167,0.046205442,False
7,Gabeszunk,1,178,0.31944948,True
8,games5425898691,0,192,0.36951765,True
9,ahaminden7,1,204,0.40290284,False
10,enpitsu,0,229,0.2291866,True
