,shot_taker_name,is_orange,time,xg,goal
0,Gabeszunk,1,16,0.37009653,False
1,Gabeszunk,1,29,0.0672621,False
2,enpitsu,0,39,0.97193164,True
3,games5425898691,0,59,0.42122585,False
4,games5425898691,0,85,0.7078475,True
5,ahaminden7,1,86,0.0030285288,False
6,Gabeszunk,1,167,0.034661956,False
7,Gabeszunk,1,178,0.30886036,True
8,games5425898691,0,192,0.20510332,True
9,ahaminden7,1,204,0.42404187,False
10,enpitsu,0,229,0.109522834,True
