,shot_taker_name,is_orange,time,xg,goal
0,Gabeszunk,1,16,0.4237513,False
1,Gabeszunk,1,29,0.36473095,False
2,enpitsu,0,39,0.9496271,True
3,games5425898691,0,59,0.1969889,False
4,games5425898691,0,85,0.6723782,True
5,ahaminden7,1,86,0.008059292,False
6,Gabeszunk,1,167,0.08545553,False
7,Gabeszunk,1,178,0.42601228,True
8,games5425898691,0,192,0.39809656,True
9,ahaminden7,1,204,0.3795072,False
10,enpitsu,0,229,0.22790441,True
