,shot_taker_name,is_orange,time,xg,goal
0,Gabeszunk,1,16,0.42736512,False
1,Gabeszunk,1,29,0.118300356,False
2,enpitsu,0,39,0.957942,True
3,games5425898691,0,59,0.26157683,False
4,games5425898691,0,85,0.6225561,True
5,ahaminden7,1,86,0.004112911,False
6,Gabeszunk,1,167,0.082745016,False
7,Gabeszunk,1,178,0.2321686,True
8,games5425898691,0,192,0.3615057,True
9,ahaminden7,1,204,0.41997445,False
10,enpitsu,0,229,0.31527412,True
