,shot_taker_name,is_orange,time,xg,goal
0,Gabeszunk,1,16,0.09696469,False
1,Gabeszunk,1,29,0.18524927,False
2,enpitsu,0,39,0.91042167,True
3,games5425898691,0,59,0.050591484,False
4,games5425898691,0,85,0.60678947,True
5,ahaminden7,1,86,0.0007056429,False
6,Gabeszunk,1,167,0.17299367,False
7,Gabeszunk,1,178,0.019843595,True
8,games5425898691,0,192,0.08454278,True
9,ahaminden7,1,204,0.67166036,False
10,enpitsu,0,229,0.22426392,True
