,shot_taker_name,is_orange,time,xg,goal
0,games5425898691,0,29,0.2865263,False
1,enpitsu,0,33,0.11850542,False
2,Maxwell6873,1,48,0.028663818,True
3,enpitsu,0,54,0.5488616,True
4,Maxwell6873,1,75,0.8620774,True
5,enpitsu,0,97,0.60008794,True
6,games5425898691,0,105,0.36066768,False
7,HarvM77,1,113,0.7481067,True
8,HarvM77,1,158,0.17822656,False
9,Maxwell6873,1,195,0.014674413,False
10,enpitsu,0,237,0.32385847,True
11,games5425898691,0,280,0.50099224,False
