,shot_taker_name,is_orange,time,xg,goal
0,games5425898691,0,29,0.31421626,False
1,enpitsu,0,33,0.01031102,False
2,Maxwell6873,1,48,0.023914093,True
3,enpitsu,0,54,0.34452394,True
4,Maxwell6873,1,75,0.98776835,True
5,enpitsu,0,97,0.67533815,True
6,games5425898691,0,105,0.064060114,False
7,HarvM77,1,113,0.39647794,True
8,HarvM77,1,158,0.1547521,False
9,Maxwell6873,1,195,0.0083977645,False
10,enpitsu,0,237,0.23758851,True
11,games5425898691,0,280,0.59460485,False
