,shot_taker_name,is_orange,time,xg,goal
0,games5425898691,0,29,0.53142595,False
1,enpitsu,0,33,0.031828497,False
2,Maxwell6873,1,48,0.06618494,True
3,enpitsu,0,54,0.4919408,True
4,Maxwell6873,1,75,0.9503544,True
5,enpitsu,0,97,0.75898397,True
6,games5425898691,0,105,0.2685181,False
7,HarvM77,1,113,0.6503938,True
8,HarvM77,1,158,0.28923133,False
9,Maxwell6873,1,195,0.03293283,False
10,enpitsu,0,237,0.3066708,True
11,games5425898691,0,280,0.4829557,False
