,shot_taker_name,is_orange,time,xg,goal
0,games5425898691,0,29,0.49845028,False
1,enpitsu,0,33,0.059453093,False
2,Maxwell6873,1,48,0.02139144,True
3,enpitsu,0,54,0.335856,True
4,Maxwell6873,1,75,0.9455699,True
5,enpitsu,0,97,0.5339521,True
6,games5425898691,0,105,0.43741515,False
7,HarvM77,1,113,0.5232544,True
8,HarvM77,1,158,0.21049336,False
9,Maxwell6873,1,195,0.060748234,False
10,enpitsu,0,237,0.49327153,True
11,games5425898691,0,280,0.7266964,False
