,shot_taker_name,is_orange,time,xg,goal
0,games5425898691,0,29,0.557235,False
1,enpitsu,0,33,0.08204168,False
2,Maxwell6873,1,48,0.014277812,True
3,enpitsu,0,54,0.35114387,True
4,Maxwell6873,1,75,0.9140596,True
5,enpitsu,0,97,0.5542994,True
6,games5425898691,0,105,0.12941542,False
7,HarvM77,1,113,0.728731,True
8,HarvM77,1,158,0.2540644,False
9,Maxwell6873,1,195,0.023091098,False
10,enpitsu,0,237,0.7147669,True
11,games5425898691,0,280,0.500517,False
