,shot_taker_name,is_orange,time,xg,goal
0,games5425898691,0,29,0.5238942,False
1,enpitsu,0,33,0.06231669,False
2,Maxwell6873,1,48,0.03635283,True
3,enpitsu,0,54,0.4706719,True
4,Maxwell6873,1,75,0.959418,True
5,enpitsu,0,97,0.48721716,True
6,games5425898691,0,105,0.6063894,False
7,HarvM77,1,113,0.6624987,True
8,HarvM77,1,158,0.14078261,False
9,Maxwell6873,1,195,0.04434434,False
10,enpitsu,0,237,0.19745645,True
11,games5425898691,0,280,0.5920234,False
