,shot_taker_name,is_orange,time,xg,goal
0,games5425898691,0,29,0.71526426,False
1,enpitsu,0,33,0.027083617,False
2,Maxwell6873,1,48,0.006866544,True
3,enpitsu,0,54,0.14514178,True
4,Maxwell6873,1,75,0.98645556,True
5,enpitsu,0,97,0.7673119,True
6,games5425898691,0,105,0.18130891,False
7,HarvM77,1,113,0.43612257,True
8,HarvM77,1,158,0.23593767,False
9,Maxwell6873,1,195,0.011011088,False
10,enpitsu,0,237,0.6893532,True
11,games5425898691,0,280,0.73576593,False
