,shot_taker_name,is_orange,time,xg,goal
0,games5425898691,0,29,0.36669257,False
1,enpitsu,0,33,0.024576815,False
2,Maxwell6873,1,48,0.005054684,True
3,enpitsu,0,54,0.1847505,True
4,Maxwell6873,1,75,0.98435265,True
5,enpitsu,0,97,0.804476,True
6,games5425898691,0,105,0.098735645,False
7,HarvM77,1,113,0.51913387,True
8,HarvM77,1,158,0.20503339,False
9,Maxwell6873,1,195,0.0077182236,False
10,enpitsu,0,237,0.5608889,True
11,games5425898691,0,280,0.43809563,False
