,shot_taker_name,is_orange,time,xg,goal
0,games5425898691,1,0,0.010498419,False
1,games5425898691,1,18,0.8822473,True
2,games5425898691,1,28,0.7025021,True
3,S1lva,0,69,0.41328967,False
4,games5425898691,1,83,0.033280898,False
5,S1lva,0,119,0.2416743,False
6,brunozzzZ_,0,133,0.71443427,True
7,enpitsu,1,149,0.3047857,False
8,games5425898691,1,151,0.9592687,True
9,brunozzzZ_,0,155,0.6466877,False
10,S1lva,0,171,0.07719702,False
11,enpitsu,1,178,0.6640165,True
