,shot_taker_name,is_orange,time,xg,goal
0,games5425898691,1,0,0.055845853,False
1,games5425898691,1,18,0.87946576,True
2,games5425898691,1,28,0.7226734,True
3,S1lva,0,69,0.11837506,False
4,games5425898691,1,83,0.0058199954,False
5,S1lva,0,119,0.15363403,False
6,brunozzzZ_,0,133,0.72970927,True
7,enpitsu,1,149,0.4752011,False
8,games5425898691,1,151,0.95738727,True
9,brunozzzZ_,0,155,0.45787007,False
10,S1lva,0,171,0.052066468,False
11,enpitsu,1,178,0.6508001,True
