,shot_taker_name,is_orange,time,xg,goal
0,games5425898691,1,0,0.018526884,False
1,games5425898691,1,18,0.8963824,True
2,games5425898691,1,28,0.7692737,True
3,S1lva,0,69,0.14433485,False
4,games5425898691,1,83,0.0019165,False
5,S1lva,0,119,0.075833626,False
6,brunozzzZ_,0,133,0.78016037,True
7,enpitsu,1,149,0.34779054,False
8,games5425898691,1,151,0.92942476,True
9,brunozzzZ_,0,155,0.63874984,False
10,S1lva,0,171,0.039908938,False
11,enpitsu,1,178,0.586925,True
