,shot_taker_name,is_orange,time,xg,goal
0,games5425898691,1,0,0.007821904,False
1,games5425898691,1,18,0.8626306,True
2,games5425898691,1,28,0.7159206,True
3,S1lva,0,69,0.19332647,False
4,games5425898691,1,83,0.013277497,False
5,S1lva,0,119,0.34902227,False
6,brunozzzZ_,0,133,0.82773423,True
7,enpitsu,1,149,0.24731103,False
8,games5425898691,1,151,0.926812,True
9,brunozzzZ_,0,155,0.41407514,False
10,S1lva,0,171,0.055370443,False
11,enpitsu,1,178,0.7632645,True
