,shot_taker_name,is_orange,time,xg,goal
0,games5425898691,1,0,0.023673078,False
1,games5425898691,1,18,0.80232525,True
2,games5425898691,1,28,0.30464306,True
3,S1lva,0,69,0.14497277,False
4,games5425898691,1,83,0.0057208003,False
5,S1lva,0,119,0.24489203,False
6,brunozzzZ_,0,133,0.5845833,True
7,enpitsu,1,149,0.39739206,False
8,games5425898691,1,151,0.9309001,True
9,brunozzzZ_,0,155,0.6148193,False
10,S1lva,0,171,0.058474645,False
11,enpitsu,1,178,0.6710522,True
