,shot_taker_name,is_orange,time,xg,goal
0,games5425898691,1,0,0.04624723,False
1,games5425898691,1,18,0.77924716,True
2,games5425898691,1,28,0.7160278,True
3,S1lva,0,69,0.19633354,False
4,games5425898691,1,83,0.0069056167,False
5,S1lva,0,119,0.23568097,False
6,brunozzzZ_,0,133,0.74558246,True
7,enpitsu,1,149,0.4797474,False
8,games5425898691,1,151,0.97798103,True
9,brunozzzZ_,0,155,0.46207336,False
10,S1lva,0,171,0.04832587,False
11,enpitsu,1,178,0.65580165,True
