,shot_taker_name,is_orange,time,xg,goal
0,games5425898691,1,0,0.027495239,False
1,games5425898691,1,18,0.93515855,True
2,games5425898691,1,28,0.4655402,True
3,S1lva,0,69,0.07415668,False
4,games5425898691,1,83,0.00604148,False
5,S1lva,0,119,0.36248952,False
6,brunozzzZ_,0,133,0.65692127,True
7,enpitsu,1,149,0.5517734,False
8,games5425898691,1,151,0.9813781,True
9,brunozzzZ_,0,155,0.41768232,False
10,S1lva,0,171,0.027465302,False
11,enpitsu,1,178,0.22832824,True
