,shot_taker_name,is_orange,time,xg,goal
0,games5425898691,1,0,0.008361447,False
1,games5425898691,1,18,0.95857096,True
2,games5425898691,1,28,0.5597675,True
3,S1lva,0,69,0.044120654,False
4,games5425898691,1,83,0.035574358,False
5,S1lva,0,119,0.24800856,False
6,brunozzzZ_,0,133,0.4024696,True
7,enpitsu,1,149,0.21213065,False
8,games5425898691,1,151,0.97958106,True
9,brunozzzZ_,0,155,0.43755597,False
10,S1lva,0,171,0.01271244,False
11,enpitsu,1,178,0.70633626,True
