,shot_taker_name,is_orange,time,xg,goal
0,enpitsu,1,9.0,0.037711527,False
1,games5425898691,1,32.0,0.7886231,False
2,Ju²,0,57.0,0.20856081,False
3,games5425898691,1,84.0,0.04556422,False
4,Ju²,0,196.0,0.848112,True
5,MaDkenzox,0,197.0,0.0015102603,False
6,Ju²,0,199.0,0.11159697,False
7,games5425898691,1,204.0,0.37700605,True
8,enpitsu,1,215.0,0.59821147,True
9,enpitsu,1,230.0,0.73572737,True
10,MaDkenzox,0,263.0,0.5405013,True
11,MaDkenzox,0,281.0,0.26208448,True
12,enpitsu,1,,0.3594743,False
