,shot_taker_name,is_orange,time,xg,goal
0,enpitsu,1,9.0,0.06551631,False
1,games5425898691,1,32.0,0.75416803,False
2,Ju²,0,57.0,0.3038023,False
3,games5425898691,1,84.0,0.066162854,False
4,Ju²,0,196.0,0.84959775,True
5,MaDkenzox,0,197.0,0.00248493,False
6,Ju²,0,199.0,0.06336071,False
7,games5425898691,1,204.0,0.42218366,True
8,enpitsu,1,215.0,0.7053312,True
9,enpitsu,1,230.0,0.6370666,True
10,MaDkenzox,0,263.0,0.42980757,True
11,MaDkenzox,0,281.0,0.29066408,True
12,enpitsu,1,,0.56284577,False
