,shot_taker_name,is_orange,time,xg,goal
0,enpitsu,1,9.0,0.15673532,False
1,games5425898691,1,32.0,0.77657884,False
2,Ju²,0,57.0,0.3046322,False
3,games5425898691,1,84.0,0.10277652,False
4,Ju²,0,196.0,0.8404638,True
5,MaDkenzox,0,197.0,0.007718767,False
6,Ju²,0,199.0,0.032262567,False
7,games5425898691,1,204.0,0.3579292,True
8,enpitsu,1,215.0,0.634083,True
9,enpitsu,1,230.0,0.6607073,True
10,MaDkenzox,0,263.0,0.42464426,True
11,MaDkenzox,0,281.0,0.39210257,True
12,enpitsu,1,,0.3985566,False
