,shot_taker_name,is_orange,time,xg,goal
0,eeast11,1,11,0.31000042,True
1,games5425898691,0,96,0.20755853,False
2,enpitsu,0,104,0.32049093,True
3,Brainy_rl,1,104,0.0052905553,False
4,games5425898691,0,119,0.5803647,False
5,Brainy_rl,1,151,0.27801508,False
6,eeast11,1,214,0.05528792,True
7,games5425898691,0,240,0.013299925,False
8,eeast11,1,250,0.28322074,False
9,Brainy_rl,1,254,0.36269566,False
