,shot_taker_name,is_orange,time,xg,goal
0,eeast11,1,11,0.17875068,True
1,games5425898691,0,96,0.8397893,False
2,enpitsu,0,104,0.67539126,True
3,Brainy_rl,1,104,0.011510221,False
4,games5425898691,0,119,0.52991384,False
5,Brainy_rl,1,151,0.17339803,False
6,eeast11,1,214,0.011381549,True
7,games5425898691,0,240,0.006265575,False
8,eeast11,1,250,0.5752305,False
9,Brainy_rl,1,254,0.17766663,False
