,shot_taker_name,is_orange,time,xg,goal
0,eeast11,1,11,0.157299,True
1,games5425898691,0,96,0.46399143,False
2,enpitsu,0,104,0.664512,True
3,Brainy_rl,1,104,0.015492472,False
4,games5425898691,0,119,0.8498019,False
5,Brainy_rl,1,151,0.23085551,False
6,eeast11,1,214,0.0053862636,True
7,games5425898691,0,240,0.016991131,False
8,eeast11,1,250,0.11530707,False
9,Brainy_rl,1,254,0.21663086,False
