,shot_taker_name,is_orange,time,xg,goal
0,eeast11,1,11,0.3339051,True
1,games5425898691,0,96,0.68335575,False
2,enpitsu,0,104,0.5383515,True
3,Brainy_rl,1,104,0.0033169074,False
4,games5425898691,0,119,0.6468331,False
5,Brainy_rl,1,151,0.27339977,False
6,eeast11,1,214,0.04657146,True
7,games5425898691,0,240,0.0096738655,False
8,eeast11,1,250,0.21477813,False
9,Brainy_rl,1,254,0.43158647,False
