,shot_taker_name,is_orange,time,xg,goal
0,eeast11,1,11,0.57133234,True
1,games5425898691,0,96,0.38266993,False
2,enpitsu,0,104,0.5976096,True
3,Brainy_rl,1,104,0.02253233,False
4,games5425898691,0,119,0.6496937,False
5,Brainy_rl,1,151,0.1979071,False
6,eeast11,1,214,0.083919816,True
7,games5425898691,0,240,0.011918037,False
8,eeast11,1,250,0.3483077,False
9,Brainy_rl,1,254,0.12427782,False
