,shot_taker_name,is_orange,time,xg,goal
0,eeast11,1,11,0.42301276,True
1,games5425898691,0,96,0.4517032,False
2,enpitsu,0,104,0.7466714,True
3,Brainy_rl,1,104,0.0026955032,False
4,games5425898691,0,119,0.701751,False
5,Brainy_rl,1,151,0.12597692,False
6,eeast11,1,214,0.0055545955,True
7,games5425898691,0,240,0.025735063,False
8,eeast11,1,250,0.16021813,False
9,Brainy_rl,1,254,0.10399594,False
