,shot_taker_name,is_orange,time,xg,goal
0,eeast11,1,11,0.27967793,True
1,games5425898691,0,96,0.36649302,False
2,enpitsu,0,104,0.5808226,True
3,Brainy_rl,1,104,0.0069841277,False
4,games5425898691,0,119,0.527367,False
5,Brainy_rl,1,151,0.10980248,False
6,eeast11,1,214,0.041943982,True
7,games5425898691,0,240,0.02282061,False
8,eeast11,1,250,0.34398887,False
9,Brainy_rl,1,254,0.57128316,False
