,shot_taker_name,is_orange,time,xg,goal
0,eeast11,1,11,0.23990746,True
1,games5425898691,0,96,0.46437976,False
2,enpitsu,0,104,0.87319607,True
3,Brainy_rl,1,104,0.0040760236,False
4,games5425898691,0,119,0.687335,False
5,Brainy_rl,1,151,0.108743876,False
6,eeast11,1,214,0.013969319,True
7,games5425898691,0,240,0.012756605,False
8,eeast11,1,250,0.20731983,False
9,Brainy_rl,1,254,0.6297458,False
