,shot_taker_name,is_orange,time,xg,goal
0,Pingo,1,6.0,0.5910131,True
1,ZEEDOX59,1,12.0,0.08578675,False
2,enpitsu,0,114.0,0.47630093,False
3,enpitsu,0,170.0,0.26109937,False
4,ZEEDOX59,1,234.0,0.21724333,False
5,games5425898691,0,242.0,0.1251177,True
6,enpitsu,0,249.0,0.18462604,False
7,ZEEDOX59,1,261.0,0.2298842,False
8,Pingo,1,263.0,0.83045167,True
9,Pingo,1,263.0,0.00497003,False
10,games5425898691,0,269.0,0.087662905,False
11,enpitsu,0,277.0,0.714623,False
12,Pingo,1,297.0,0.92854345,True
