,shot_taker_name,is_orange,time,xg,goal
0,games5425898691,0,0,0.017828846,False
1,MühendisBey,1,13,0.7391264,True
2,games5425898691,0,41,0.49496925,True
3,games5425898691,0,75,0.7131327,True
4,Kisacaberk,1,93,0.44005945,False
5,enpitsu,0,172,0.29230416,False
6,games5425898691,0,175,0.86323273,True
7,games5425898691,0,217,0.79701984,True
8,games5425898691,0,239,0.5285493,True
