,shot_taker_name,is_orange,time,xg,goal
0,games5425898691,0,0,0.013952174,False
1,MühendisBey,1,13,0.54560906,True
2,games5425898691,0,41,0.6291617,True
3,games5425898691,0,75,0.7705536,True
4,Kisacaberk,1,93,0.23096804,False
5,enpitsu,0,172,0.3332945,False
6,games5425898691,0,175,0.857945,True
7,games5425898691,0,217,0.79561514,True
8,games5425898691,0,239,0.6067841,True
