,shot_taker_name,is_orange,time,xg,goal
0,games5425898691,0,0,0.018544303,False
1,MühendisBey,1,13,0.29135492,True
2,games5425898691,0,41,0.6572878,True
3,games5425898691,0,75,0.5024055,True
4,Kisacaberk,1,93,0.7876873,False
5,enpitsu,0,172,0.62849444,False
6,games5425898691,0,175,0.77771074,True
7,games5425898691,0,217,0.8878844,True
8,games5425898691,0,239,0.63476104,True
