,shot_taker_name,is_orange,time,xg,goal
0,games5425898691,0,0,0.024401242,False
1,MühendisBey,1,13,0.69749117,True
2,games5425898691,0,41,0.65363306,True
3,games5425898691,0,75,0.6720541,True
4,Kisacaberk,1,93,0.5607802,False
5,enpitsu,0,172,0.32472107,False
6,games5425898691,0,175,0.8555673,True
7,games5425898691,0,217,0.548976,True
8,games5425898691,0,239,0.6160244,True
