,shot_taker_name,is_orange,time,xg,goal
0,games5425898691,0,0,0.004192233,False
1,MühendisBey,1,13,0.35620362,True
2,games5425898691,0,41,0.51603085,True
3,games5425898691,0,75,0.47528505,True
4,Kisacaberk,1,93,0.7299988,False
5,enpitsu,0,172,0.42166775,False
6,games5425898691,0,175,0.7676009,True
7,games5425898691,0,217,0.83775747,True
8,games5425898691,0,239,0.17287906,True
