,shot_taker_name,is_orange,time,xg,goal
0,games5425898691,0,0,0.0063191713,False
1,MühendisBey,1,13,0.4582976,True
2,games5425898691,0,41,0.72017187,True
3,games5425898691,0,75,0.4766023,True
4,Kisacaberk,1,93,0.5157997,False
5,enpitsu,0,172,0.39684597,False
6,games5425898691,0,175,0.84167755,True
7,games5425898691,0,217,0.91080284,True
8,games5425898691,0,239,0.5553161,True
