,shot_taker_name,is_orange,time,xg,goal
0,games5425898691,0,0,0.010317552,False
1,MühendisBey,1,13,0.7230177,True
2,games5425898691,0,41,0.52703506,True
3,games5425898691,0,75,0.41055426,True
4,Kisacaberk,1,93,0.3823647,False
5,enpitsu,0,172,0.43906954,False
6,games5425898691,0,175,0.8697701,True
7,games5425898691,0,217,0.83503723,True
8,games5425898691,0,239,0.40098217,True
