,shot_taker_name,is_orange,time,xg,goal
0,games5425898691,0,0,0.00897554,False
1,MühendisBey,1,13,0.1094193,True
2,games5425898691,0,41,0.83019495,True
3,games5425898691,0,75,0.48476896,True
4,Kisacaberk,1,93,0.15029122,False
5,enpitsu,0,172,0.13676728,False
6,games5425898691,0,175,0.7616154,True
7,games5425898691,0,217,0.657916,True
8,games5425898691,0,239,0.7338034,True
