,shot_taker_name,is_orange,time,xg,goal
0,games5425898691,1,5,0.7502095,True
1,games5425898691,1,55,0.545019,True
2,games5425898691,1,91,0.016209265,True
3,HarѶ,0,105,0.037191067,False
4,HarѶ,0,108,0.16831532,True
5,games5425898691,1,108,0.0047857645,False
6,Flawton12,0,142,0.3867413,True
7,games5425898691,1,146,0.49231267,True
8,enpitsu,1,155,0.2580437,True
9,HarѶ,0,222,0.08506096,True
10,enpitsu,1,267,0.42005494,True
11,games5425898691,1,297,0.6276033,True
