,shot_taker_name,is_orange,time,xg,goal
0,games5425898691,1,5,0.86841637,True
1,games5425898691,1,55,0.87160826,True
2,games5425898691,1,91,0.04172066,True
3,HarѶ,0,105,0.062388662,False
4,HarѶ,0,108,0.4070974,True
5,games5425898691,1,108,0.017557643,False
6,Flawton12,0,142,0.29372767,True
7,games5425898691,1,146,0.37592047,True
8,enpitsu,1,155,0.2759798,True
9,HarѶ,0,222,0.12404157,True
10,enpitsu,1,267,0.7045382,True
11,games5425898691,1,297,0.47709647,True
