,shot_taker_name,is_orange,time,xg,goal
0,games5425898691,1,5,0.8893521,True
1,games5425898691,1,55,0.5772475,True
2,games5425898691,1,91,0.042923767,True
3,HarѶ,0,105,0.077283405,False
4,HarѶ,0,108,0.17426643,True
5,games5425898691,1,108,0.013951524,False
6,Flawton12,0,142,0.532903,True
7,games5425898691,1,146,0.48918244,True
8,enpitsu,1,155,0.40957603,True
9,HarѶ,0,222,0.2970193,True
10,enpitsu,1,267,0.5779268,True
11,games5425898691,1,297,0.3422322,True
