,shot_taker_name,is_orange,time,xg,goal
0,games5425898691,1,5,0.93080074,True
1,games5425898691,1,55,0.62445885,True
2,games5425898691,1,91,0.007552597,True
3,HarѶ,0,105,0.043219313,False
4,HarѶ,0,108,0.2962397,True
5,games5425898691,1,108,0.00469926,False
6,Flawton12,0,142,0.3976033,True
7,games5425898691,1,146,0.27703357,True
8,enpitsu,1,155,0.4657027,True
9,HarѶ,0,222,0.24541119,True
10,enpitsu,1,267,0.4128506,True
11,games5425898691,1,297,0.7063255,True
