,shot_taker_name,is_orange,time,xg,goal
0,games5425898691,1,5,0.777306,True
1,games5425898691,1,55,0.9102114,True
2,games5425898691,1,91,0.013378333,True
3,HarѶ,0,105,0.12000548,False
4,HarѶ,0,108,0.38788483,True
5,games5425898691,1,108,0.01923773,False
6,Flawton12,0,142,0.37941694,True
7,games5425898691,1,146,0.27754167,True
8,enpitsu,1,155,0.19870344,True
9,HarѶ,0,222,0.27580574,True
10,enpitsu,1,267,0.71364534,True
11,games5425898691,1,297,0.38452065,True
