,shot_taker_name,is_orange,time,xg,goal
0,games5425898691,1,5,0.9106691,True
1,games5425898691,1,55,0.28599927,True
2,games5425898691,1,91,0.00511511,True
3,HarѶ,0,105,0.0056691985,False
4,HarѶ,0,108,0.09017273,True
5,games5425898691,1,108,0.0070058582,False
6,Flawton12,0,142,0.80322385,True
7,games5425898691,1,146,0.2787104,True
8,enpitsu,1,155,0.3438244,True
9,HarѶ,0,222,0.06691506,True
10,enpitsu,1,267,0.44061825,True
11,games5425898691,1,297,0.54374075,True
