,shot_taker_name,is_orange,time,xg,goal
0,games5425898691,1,5,0.8520695,True
1,games5425898691,1,55,0.8734556,True
2,games5425898691,1,91,0.019263051,True
3,HarѶ,0,105,0.04561639,False
4,HarѶ,0,108,0.28661966,True
5,games5425898691,1,108,0.005387081,False
6,Flawton12,0,142,0.40172577,True
7,games5425898691,1,146,0.23441552,True
8,enpitsu,1,155,0.29814902,True
9,HarѶ,0,222,0.34594136,True
10,enpitsu,1,267,0.7041374,True
11,games5425898691,1,297,0.24738264,True
