,shot_taker_name,is_orange,time,xg,goal
0,games5425898691,1,5,0.8302112,True
1,games5425898691,1,55,0.47280002,True
2,games5425898691,1,91,0.026049789,True
3,HarѶ,0,105,0.0670247,False
4,HarѶ,0,108,0.2948775,True
5,games5425898691,1,108,0.012332929,False
6,Flawton12,0,142,0.31933007,True
7,games5425898691,1,146,0.6461816,True
8,enpitsu,1,155,0.5569522,True
9,HarѶ,0,222,0.3863094,True
10,enpitsu,1,267,0.551439,True
11,games5425898691,1,297,0.4947998,True
