,shot_taker_name,is_orange,time,xg,goal
0,enpitsu,1,0.0,0.008767423,False
1,games5425898691,1,11.0,0.32536513,False
2,enpitsu,1,85.0,0.27467412,False
3,games5425898691,1,88.0,0.86168885,True
4,kuuriz_54,0,111.0,0.20328481,True
5,games5425898691,1,125.0,0.15008345,True
6,kuuriz_54,0,185.0,0.4097675,True
7,kuuriz_54,0,211.0,0.62214416,False
8,imhyy_,0,259.0,0.31434232,False
9,kuuriz_54,0,294.0,0.16617323,True
10,kuuriz_54,0,297.0,0.0054387334,False
