,shot_taker_name,is_orange,time,xg,goal
0,enpitsu,1,0.0,0.0069408305,False
1,games5425898691,1,11.0,0.31173858,False
2,enpitsu,1,85.0,0.3824893,False
3,games5425898691,1,88.0,0.8974059,True
4,kuuriz_54,0,111.0,0.33907032,True
5,games5425898691,1,125.0,0.14161687,True
6,kuuriz_54,0,185.0,0.22020955,True
7,kuuriz_54,0,211.0,0.25797918,False
8,imhyy_,0,259.0,0.30075905,False
9,kuuriz_54,0,294.0,0.15017687,True
10,kuuriz_54,0,297.0,0.0042849495,False
