,shot_taker_name,is_orange,time,xg,goal
0,Rocco_1004,0,31.0,0.13823055,False
1,bizzzard-du-67,0,33.0,0.6617625,False
2,Rocco_1004,0,56.0,0.37453887,False
3,enpitsu,1,177.0,0.32460403,False
4,games5425898691,1,216.0,0.61710364,False
5,games5425898691,1,294.0,0.15171613,False
6,bizzzard-du-67,0,304.0,0.14571679,True
