,shot_taker_name,is_orange,time,xg,goal
0,Rocco_1004,0,31.0,0.1798722,False
1,bizzzard-du-67,0,33.0,0.78731215,False
2,Rocco_1004,0,56.0,0.1452914,False
3,enpitsu,1,177.0,0.45050082,False
4,games5425898691,1,216.0,0.62062097,False
5,games5425898691,1,294.0,0.19495209,False
6,bizzzard-du-67,0,304.0,0.087984525,True
