,shot_taker_name,is_orange,time,xg,goal
0,Rocco_1004,0,31.0,0.18183467,False
1,bizzzard-du-67,0,33.0,0.8959687,False
2,Rocco_1004,0,56.0,0.22632767,False
3,enpitsu,1,177.0,0.19307217,False
4,games5425898691,1,216.0,0.33509105,False
5,games5425898691,1,294.0,0.037653603,False
6,bizzzard-du-67,0,304.0,0.19847894,True
