,shot_taker_name,is_orange,time,xg,goal
0,Rocco_1004,0,31.0,0.26399955,False
1,bizzzard-du-67,0,33.0,0.7767805,False
2,Rocco_1004,0,56.0,0.1597808,False
3,enpitsu,1,177.0,0.5575609,False
4,games5425898691,1,216.0,0.6148794,False
5,games5425898691,1,294.0,0.316149,False
6,bizzzard-du-67,0,304.0,0.2421114,True
