,shot_taker_name,is_orange,time,xg,shot,goal,frame
0,enpitsu,0,0,0.00023468296,False,False,171
1,Foamer,1,4,0.002752657,False,False,299
2,games5425898691,0,6,0.002446948,False,False,341
3,games5425898691,0,10,0.014086847,False,False,467
4,enpitsu,0,13,0.024994353,False,True,543
5,Casper,1,16,0.0006856717,False,False,623
6,games5425898691,0,18,0.00011928877,False,False,687
7,games5425898691,0,20,0.0002161785,False,False,735
8,games5425898691,0,20,0.00011947263,False,False,743
9,games5425898691,0,24,0.0025931292,False,False,836
10,games5425898691,0,28,0.0073993118,False,False,943
11,games5425898691,0,31,0.55344164,True,False,1027
