,shot_taker_name,is_orange,time,xg,shot,goal
0,enpitsu,0,0,0.00017213688,False,False
1,Foamer,1,4,0.0062279264,False,False
2,games5425898691,0,6,0.0007426384,False,False
3,games5425898691,0,10,0.0041482444,False,False
4,enpitsu,0,13,0.055318315,False,True
5,Casper,1,16,0.00080866873,False,False
6,games5425898691,0,18,0.00023820692,False,False
7,games5425898691,0,20,0.00017896277,False,False
8,games5425898691,0,20,9.390614e-05,False,False
9,games5425898691,0,24,0.006582337,False,False
10,games5425898691,0,28,0.009750214,False,False
11,games5425898691,0,31,0.13482009,True,False
