,shot_taker_name,is_orange,time,xg,goal
0,ivy,1,0.0,0.0061327824,False
1,enpitsu,0,7.0,0.22483113,False
2,enpitsu,0,17.0,0.16819093,False
3,ivy,1,45.0,0.4850988,False
4,ivy,1,84.0,0.41742924,False
5,MyTHYQUE,1,93.0,0.43844905,False
6,ivy,1,113.0,0.23759702,False
7,MyTHYQUE,1,116.0,0.07384184,False
8,MyTHYQUE,1,161.0,0.8121389,True
9,enpitsu,0,168.0,0.21456726,False
10,ivy,1,201.0,0.46234354,False
11,enpitsu,0,225.0,0.45714077,False
