,shot_taker_name,is_orange,time,xg,goal
0,ivy,1,0.0,0.012685334,False
1,enpitsu,0,7.0,0.25841835,False
2,enpitsu,0,17.0,0.39171404,False
3,ivy,1,45.0,0.4611037,False
4,ivy,1,84.0,0.61567974,False
5,MyTHYQUE,1,93.0,0.3296497,False
6,ivy,1,113.0,0.33817422,False
7,MyTHYQUE,1,116.0,0.0581196,False
8,MyTHYQUE,1,161.0,0.6798571,True
9,enpitsu,0,168.0,0.13890198,False
10,ivy,1,201.0,0.4156903,False
11,enpitsu,0,225.0,0.47832188,False
