,shot_taker_name,is_orange,time,xg,goal
0,ivy,1,0.0,0.0042646183,False
1,enpitsu,0,7.0,0.17508282,False
2,enpitsu,0,17.0,0.40566215,False
3,ivy,1,45.0,0.29330587,False
4,ivy,1,84.0,0.34975514,False
5,MyTHYQUE,1,93.0,0.55475736,False
6,ivy,1,113.0,0.3983704,False
7,MyTHYQUE,1,116.0,0.06830225,False
8,MyTHYQUE,1,161.0,0.71588236,True
9,enpitsu,0,168.0,0.1491983,False
10,ivy,1,201.0,0.41120765,False
11,enpitsu,0,225.0,0.49795935,False
