,shot_taker_name,is_orange,time,xg,goal
0,ivy,1,0.0,0.01255191,False
1,enpitsu,0,7.0,0.06316581,False
2,enpitsu,0,17.0,0.10395867,False
3,ivy,1,45.0,0.20251802,False
4,ivy,1,84.0,0.38525528,False
5,MyTHYQUE,1,93.0,0.42077845,False
6,ivy,1,113.0,0.8827734,False
7,MyTHYQUE,1,116.0,0.019862201,False
8,MyTHYQUE,1,161.0,0.7083274,True
9,enpitsu,0,168.0,0.024749879,False
10,ivy,1,201.0,0.31484073,False
11,enpitsu,0,225.0,0.37497824,False
