,shot_taker_name,is_orange,time,xg,goal
0,ivy,1,0.0,0.0023642955,False
1,enpitsu,0,7.0,0.10000774,False
2,enpitsu,0,17.0,0.2558558,False
3,ivy,1,45.0,0.12953171,False
4,ivy,1,84.0,0.7030801,False
5,MyTHYQUE,1,93.0,0.40047517,False
6,ivy,1,113.0,0.53201294,False
7,MyTHYQUE,1,116.0,0.05341174,False
8,MyTHYQUE,1,161.0,0.9085759,True
9,enpitsu,0,168.0,0.11275277,False
10,ivy,1,201.0,0.40831032,False
11,enpitsu,0,225.0,0.3083297,False
