,shot_taker_name,is_orange,time,xg,goal
0,ivy,1,0.0,0.011727611,False
1,enpitsu,0,7.0,0.06341793,False
2,enpitsu,0,17.0,0.20272958,False
3,ivy,1,45.0,0.58162,False
4,ivy,1,84.0,0.5076083,False
5,MyTHYQUE,1,93.0,0.51034826,False
6,ivy,1,113.0,0.6377089,False
7,MyTHYQUE,1,116.0,0.05037199,False
8,MyTHYQUE,1,161.0,0.91945803,True
9,enpitsu,0,168.0,0.05862473,False
10,ivy,1,201.0,0.56277454,False
11,enpitsu,0,225.0,0.59174925,False
