,shot_taker_name,is_orange,time,xg,goal
0,ivy,1,0.0,0.007869276,False
1,enpitsu,0,7.0,0.52829,False
2,enpitsu,0,17.0,0.08139076,False
3,ivy,1,45.0,0.72557425,False
4,ivy,1,84.0,0.1867637,False
5,MyTHYQUE,1,93.0,0.37583154,False
6,ivy,1,113.0,0.66821295,False
7,MyTHYQUE,1,116.0,0.010144632,False
8,MyTHYQUE,1,161.0,0.6255139,True
9,enpitsu,0,168.0,0.113605745,False
10,ivy,1,201.0,0.33259392,False
11,enpitsu,0,225.0,0.29169437,False
