,shot_taker_name,is_orange,time,xg,goal
0,ivy,1,0.0,0.009789131,False
1,enpitsu,0,7.0,0.28821906,False
2,enpitsu,0,17.0,0.14808404,False
3,ivy,1,45.0,0.32007393,False
4,ivy,1,84.0,0.41209403,False
5,MyTHYQUE,1,93.0,0.35144097,False
6,ivy,1,113.0,0.55412686,False
7,MyTHYQUE,1,116.0,0.075436175,False
8,MyTHYQUE,1,161.0,0.7762961,True
9,enpitsu,0,168.0,0.15236866,False
10,ivy,1,201.0,0.36345065,False
11,enpitsu,0,225.0,0.36467528,False
