,shot_taker_name,is_orange,time,xg,goal
0,Teak.-,1,45,0.009142818,False
1,enpitsu,0,61,0.72749895,False
2,enpitsu,0,104,0.44980443,False
3,enpitsu,0,141,0.19333047,False
4,games5425898691,0,226,0.87298274,True
5,games5425898691,0,233,0.24589069,False
6,enpitsu,0,261,0.9077178,True
7,enpitsu,0,272,0.57960105,True
8,games5425898691,0,272,0.013296877,False
9,Teak.-,1,277,0.071503915,True
10,enpitsu,0,289,0.035334244,False
11,enpitsu,0,295,0.037859123,False
