,shot_taker_name,is_orange,time,xg,goal
0,Teak.-,1,45,0.0032173558,False
1,enpitsu,0,61,0.5299501,False
2,enpitsu,0,104,0.50314873,False
3,enpitsu,0,141,0.5002019,False
4,games5425898691,0,226,0.48919305,True
5,games5425898691,0,233,0.50510263,False
6,enpitsu,0,261,0.8581737,True
7,enpitsu,0,272,0.60915715,True
8,games5425898691,0,272,0.0044862586,False
9,Teak.-,1,277,0.10497673,True
10,enpitsu,0,289,0.11458781,False
11,enpitsu,0,295,0.018023605,False
