,shot_taker_name,is_orange,time,xg,goal
0,Teak.-,1,45,0.007929118,False
1,enpitsu,0,61,0.54509795,False
2,enpitsu,0,104,0.5013994,False
3,enpitsu,0,141,0.12787238,False
4,games5425898691,0,226,0.5715158,True
5,games5425898691,0,233,0.36806393,False
6,enpitsu,0,261,0.8939356,True
7,enpitsu,0,272,0.54374045,True
8,games5425898691,0,272,0.0047183135,False
9,Teak.-,1,277,0.081884876,True
10,enpitsu,0,289,0.13196588,False
11,enpitsu,0,295,0.035011757,False
