,shot_taker_name,is_orange,time,xg,goal
0,Teak.-,1,45,0.004145836,False
1,enpitsu,0,61,0.592952,False
2,enpitsu,0,104,0.37468812,False
3,enpitsu,0,141,0.043072026,False
4,games5425898691,0,226,0.5464141,True
5,games5425898691,0,233,0.286983,False
6,enpitsu,0,261,0.9155694,True
7,enpitsu,0,272,0.68060255,True
8,games5425898691,0,272,0.016572556,False
9,Teak.-,1,277,0.2157907,True
10,enpitsu,0,289,0.21221234,False
11,enpitsu,0,295,0.047844682,False
