,shot_taker_name,is_orange,time,xg,goal
0,Teak.-,1,45,0.0043113767,False
1,enpitsu,0,61,0.6769113,False
2,enpitsu,0,104,0.5629712,False
3,enpitsu,0,141,0.5910738,False
4,games5425898691,0,226,0.68343365,True
5,games5425898691,0,233,0.5732913,False
6,enpitsu,0,261,0.9107914,True
7,enpitsu,0,272,0.5209371,True
8,games5425898691,0,272,0.012513558,False
9,Teak.-,1,277,0.18541479,True
10,enpitsu,0,289,0.08574491,False
11,enpitsu,0,295,0.06823434,False
