,shot_taker_name,is_orange,time,xg,goal
0,Teak.-,1,45,0.0042489185,False
1,enpitsu,0,61,0.46613613,False
2,enpitsu,0,104,0.5023728,False
3,enpitsu,0,141,0.12977915,False
4,games5425898691,0,226,0.48011413,True
5,games5425898691,0,233,0.4858261,False
6,enpitsu,0,261,0.905399,True
7,enpitsu,0,272,0.4838257,True
8,games5425898691,0,272,0.013272994,False
9,Teak.-,1,277,0.10150132,True
10,enpitsu,0,289,0.116541594,False
11,enpitsu,0,295,0.046214912,False
