,shot_taker_name,is_orange,time,xg,goal
0,Teak.-,1,45,0.014467774,False
1,enpitsu,0,61,0.6489416,False
2,enpitsu,0,104,0.3113837,False
3,enpitsu,0,141,0.12246154,False
4,games5425898691,0,226,0.85732937,True
5,games5425898691,0,233,0.43236566,False
6,enpitsu,0,261,0.8827935,True
7,enpitsu,0,272,0.3360146,True
8,games5425898691,0,272,0.011001927,False
9,Teak.-,1,277,0.12320763,True
10,enpitsu,0,289,0.36234412,False
11,enpitsu,0,295,0.033938374,False
