,shot_taker_name,is_orange,time,xg,goal
0,enpitsu,1,28,0.70804185,False
1,enpitsu,1,29,0.39164582,True
2,games5425898691,1,47,0.80022484,True
3,games5425898691,1,58,0.087477505,False
4,XYNEF,0,69,0.08545836,False
5,games5425898691,1,82,0.23793072,True
6,games5425898691,1,88,0.5929104,True
