,shot_taker_name,is_orange,time,xg,goal
0,enpitsu,1,28,0.33882314,False
1,enpitsu,1,29,0.37137598,True
2,games5425898691,1,47,0.8856239,True
3,games5425898691,1,58,0.11290814,False
4,XYNEF,0,69,0.19114214,False
5,games5425898691,1,82,0.28929287,True
6,games5425898691,1,88,0.99238306,True
