,shot_taker_name,is_orange,time,xg,goal
0,enpitsu,1,28,0.436789,False
1,enpitsu,1,29,0.41231328,True
2,games5425898691,1,47,0.704747,True
3,games5425898691,1,58,0.16882592,False
4,XYNEF,0,69,0.24786972,False
5,games5425898691,1,82,0.10893449,True
6,games5425898691,1,88,0.67365074,True
