,shot_taker_name,is_orange,time,xg,goal
0,enpitsu,1,28,0.59711635,False
1,enpitsu,1,29,0.46016207,True
2,games5425898691,1,47,0.68337786,True
3,games5425898691,1,58,0.13984862,False
4,XYNEF,0,69,0.067921385,False
5,games5425898691,1,82,0.0613994,True
6,games5425898691,1,88,0.86107516,True
