,shot_taker_name,is_orange,time,xg,goal
0,enpitsu,1,28,0.7536744,False
1,enpitsu,1,29,0.32049125,True
2,games5425898691,1,47,0.681005,True
3,games5425898691,1,58,0.21321027,False
4,XYNEF,0,69,0.14464834,False
5,games5425898691,1,82,0.35367024,True
6,games5425898691,1,88,0.8921982,True
