,shot_taker_name,is_orange,time,xg,goal
0,enpitsu,1,28,0.5274679,False
1,enpitsu,1,29,0.29864407,True
2,games5425898691,1,47,0.76045924,True
3,games5425898691,1,58,0.20042223,False
4,XYNEF,0,69,0.17165028,False
5,games5425898691,1,82,0.13580346,True
6,games5425898691,1,88,0.881875,True
