,shot_taker_name,is_orange,time,xg,goal
0,enpitsu,1,28,0.6462912,False
1,enpitsu,1,29,0.24400838,True
2,games5425898691,1,47,0.58676964,True
3,games5425898691,1,58,0.25593367,False
4,XYNEF,0,69,0.13195883,False
5,games5425898691,1,82,0.3074879,True
6,games5425898691,1,88,0.8384478,True
