,shot_taker_name,is_orange,time,xg,goal
0,games5425898691,1,28,0.3547575,True
1,games5425898691,1,52,0.850737,True
2,enpitsu,1,108,0.53515303,False
3,kiiralos62,0,124,0.5188046,False
4,Aymeric-GaM1nG,0,129,0.35425434,False
5,Aymeric-GaM1nG,0,142,0.046685223,False
6,Aymeric-GaM1nG,0,162,0.06747477,True
7,Aymeric-GaM1nG,0,175,0.87104857,True
8,kiiralos62,0,194,0.78485465,True
9,kiiralos62,0,211,0.24710698,False
10,kiiralos62,0,296,0.33412224,True
11,Aymeric-GaM1nG,0,298,0.37053683,False
