,shot_taker_name,is_orange,time,xg,goal
0,games5425898691,1,28,0.498773,True
1,games5425898691,1,52,0.68051684,True
2,enpitsu,1,108,0.17815454,False
3,kiiralos62,0,124,0.39951783,False
4,Aymeric-GaM1nG,0,129,0.43754238,False
5,Aymeric-GaM1nG,0,142,0.10597354,False
6,Aymeric-GaM1nG,0,162,0.029914265,True
7,Aymeric-GaM1nG,0,175,0.7617727,True
8,kiiralos62,0,194,0.8805774,True
9,kiiralos62,0,211,0.35022962,False
10,kiiralos62,0,296,0.20007096,True
11,Aymeric-GaM1nG,0,298,0.3472415,False
