,shot_taker_name,is_orange,time,xg,goal
0,games5425898691,1,28,0.20099474,True
1,games5425898691,1,52,0.7764759,True
2,enpitsu,1,108,0.63712955,False
3,kiiralos62,0,124,0.10844966,False
4,Aymeric-GaM1nG,0,129,0.434027,False
5,Aymeric-GaM1nG,0,142,0.026100103,False
6,Aymeric-GaM1nG,0,162,0.04876416,True
7,Aymeric-GaM1nG,0,175,0.88987476,True
8,kiiralos62,0,194,0.81688976,True
9,kiiralos62,0,211,0.17080428,False
10,kiiralos62,0,296,0.5524016,True
11,Aymeric-GaM1nG,0,298,0.2601244,False
