,shot_taker_name,is_orange,time,xg,goal
0,games5425898691,1,28,0.32456172,True
1,games5425898691,1,52,0.8464841,True
2,enpitsu,1,108,0.43495128,False
3,kiiralos62,0,124,0.37828323,False
4,Aymeric-GaM1nG,0,129,0.3747429,False
5,Aymeric-GaM1nG,0,142,0.054497536,False
6,Aymeric-GaM1nG,0,162,0.07885705,True
7,Aymeric-GaM1nG,0,175,0.7903062,True
8,kiiralos62,0,194,0.90284246,True
9,kiiralos62,0,211,0.27688283,False
10,kiiralos62,0,296,0.60928935,True
11,Aymeric-GaM1nG,0,298,0.49302098,False
