,shot_taker_name,is_orange,time,xg,goal
0,games5425898691,1,28,0.1825444,True
1,games5425898691,1,52,0.854984,True
2,enpitsu,1,108,0.35444114,False
3,kiiralos62,0,124,0.3329997,False
4,Aymeric-GaM1nG,0,129,0.49237058,False
5,Aymeric-GaM1nG,0,142,0.23238866,False
6,Aymeric-GaM1nG,0,162,0.117899716,True
7,Aymeric-GaM1nG,0,175,0.7939338,True
8,kiiralos62,0,194,0.8653619,True
9,kiiralos62,0,211,0.33287817,False
10,kiiralos62,0,296,0.15704511,True
11,Aymeric-GaM1nG,0,298,0.37842202,False
