,shot_taker_name,is_orange,time,xg,goal
0,games5425898691,1,28,0.109616034,True
1,games5425898691,1,52,0.7692648,True
2,enpitsu,1,108,0.007980418,False
3,kiiralos62,0,124,0.6416634,False
4,Aymeric-GaM1nG,0,129,0.22744258,False
5,Aymeric-GaM1nG,0,142,0.008402749,False
6,Aymeric-GaM1nG,0,162,0.07776693,True
7,Aymeric-GaM1nG,0,175,0.6545313,True
8,kiiralos62,0,194,0.830565,True
9,kiiralos62,0,211,0.09084369,False
10,kiiralos62,0,296,0.50516236,True
11,Aymeric-GaM1nG,0,298,0.2760651,False
