,shot_taker_name,is_orange,time,xg,goal
0,games5425898691,1,28,0.42537606,True
1,games5425898691,1,52,0.88525206,True
2,enpitsu,1,108,0.5239258,False
3,kiiralos62,0,124,0.49622288,False
4,Aymeric-GaM1nG,0,129,0.47645918,False
5,Aymeric-GaM1nG,0,142,0.03946002,False
6,Aymeric-GaM1nG,0,162,0.05487497,True
7,Aymeric-GaM1nG,0,175,0.90375775,True
8,kiiralos62,0,194,0.76858705,True
9,kiiralos62,0,211,0.0875455,False
10,kiiralos62,0,296,0.46066853,True
11,Aymeric-GaM1nG,0,298,0.18994033,False
