,shot_taker_name,is_orange,time,xg,goal
0,games5425898691,1,28,0.67690253,True
1,games5425898691,1,52,0.81436306,True
2,enpitsu,1,108,0.36000794,False
3,kiiralos62,0,124,0.51990455,False
4,Aymeric-GaM1nG,0,129,0.26485592,False
5,Aymeric-GaM1nG,0,142,0.61808866,False
6,Aymeric-GaM1nG,0,162,0.023623496,True
7,Aymeric-GaM1nG,0,175,0.7543018,True
8,kiiralos62,0,194,0.8275586,True
9,kiiralos62,0,211,0.1612404,False
10,kiiralos62,0,296,0.33126026,True
11,Aymeric-GaM1nG,0,298,0.14263518,False
