,shot_taker_name,is_orange,time,xg,goal
0,taykow.fn,0,0,0.0035846364,False
1,enpitsu,1,75,0.8346567,False
2,games5425898691,1,147,0.14966558,False
3,games5425898691,1,183,0.8899281,True
4,games5425898691,1,183,0.0076282825,False
5,taykow.fn,0,298,0.033864953,False
6,taykow.fn,0,299,0.33417526,False
