,shot_taker_name,is_orange,time,xg,goal
0,taykow.fn,0,0,0.0066290065,False
1,enpitsu,1,75,0.6576601,False
2,games5425898691,1,147,0.21863247,False
3,games5425898691,1,183,0.846253,True
4,games5425898691,1,183,0.008622364,False
5,taykow.fn,0,298,0.0328852,False
6,taykow.fn,0,299,0.30957282,False
