,shot_taker_name,is_orange,time,xg,goal
0,enpitsu,1,0,0.03129824,False
1,DaFake,0,4,0.259242,True
2,enpitsu,1,10,0.013113037,False
3,cyris.ES,0,20,0.20258154,False
4,enpitsu,1,93,0.9193778,True
5,games5425898691,1,120,0.33323434,False
6,games5425898691,1,121,0.4291413,True
7,cyris.ES,0,122,0.0019345897,False
8,enpitsu,1,140,0.6106688,True
9,games5425898691,1,153,0.05304647,False
10,games5425898691,1,171,0.18948945,True
11,cyris.ES,0,207,0.76160145,True
12,games5425898691,1,292,0.2927861,False
