,shot_taker_name,is_orange,time,xg,goal
0,enpitsu,1,0,0.008292187,False
1,DaFake,0,4,0.20671467,True
2,enpitsu,1,10,0.01956113,False
3,cyris.ES,0,20,0.09771763,False
4,enpitsu,1,93,0.71668667,True
5,games5425898691,1,120,0.44262594,False
6,games5425898691,1,121,0.2710702,True
7,cyris.ES,0,122,0.0062094466,False
8,enpitsu,1,140,0.4061134,True
9,games5425898691,1,153,0.137603,False
10,games5425898691,1,171,0.327165,True
11,cyris.ES,0,207,0.84693366,True
12,games5425898691,1,292,0.3494789,False
