,shot_taker_name,is_orange,time,xg,goal
0,games5425898691,0,0,0.0416102,False
1,enpitsu,0,33,0.20282348,False
2,TFB_Xotik,1,46,0.594399,False
3,enpitsu,0,52,0.11208209,False
4,games5425898691,0,54,0.84321797,False
5,TFB_Zenst,1,89,0.1312734,False
6,TFB_Xotik,1,128,0.0627031,False
7,games5425898691,0,138,0.1138839,False
8,TFB_Xotik,1,217,0.17528637,False
9,enpitsu,0,262,0.5468886,True
10,TFB_Xotik,1,264,0.00089904846,False
11,TFB_Xotik,1,270,0.048642687,False
12,enpitsu,0,295,0.46581152,False
