,shot_taker_name,is_orange,time,xg,goal
0,games5425898691,1,35,0.52891093,True
1,enpitsu,1,90,0.63627607,True
2,games5425898691,1,107,0.27147,True
3,enpitsu,1,128,0.34573153,True
4,games5425898691,1,138,0.012151817,False
5,games5425898691,1,139,0.032450072,False
6,games5425898691,1,185,0.8515666,True
