,shot_taker_name,is_orange,time,xg,goal
0,games5425898691,1,35,0.81638896,True
1,enpitsu,1,90,0.67132336,True
2,games5425898691,1,107,0.34083202,True
3,enpitsu,1,128,0.6689397,True
4,games5425898691,1,138,0.011169812,False
5,games5425898691,1,139,0.09184253,False
6,games5425898691,1,185,0.86500657,True
