,shot_taker_name,is_orange,time,xg,goal
0,games5425898691,1,35,0.7061821,True
1,enpitsu,1,90,0.537395,True
2,games5425898691,1,107,0.28266037,True
3,enpitsu,1,128,0.5314167,True
4,games5425898691,1,138,0.0056732693,False
5,games5425898691,1,139,0.054709293,False
6,games5425898691,1,185,0.9009033,True
