,shot_taker_name,is_orange,time,xg,goal
0,games5425898691,1,35,0.8115698,True
1,enpitsu,1,90,0.49734485,True
2,games5425898691,1,107,0.7192396,True
3,enpitsu,1,128,0.4554854,True
4,games5425898691,1,138,0.011637095,False
5,games5425898691,1,139,0.054342132,False
6,games5425898691,1,185,0.91305214,True
