,shot_taker_name,is_orange,time,xg,goal
0,games5425898691,1,35,0.83266693,True
1,enpitsu,1,90,0.6338573,True
2,games5425898691,1,107,0.45088887,True
3,enpitsu,1,128,0.44773638,True
4,games5425898691,1,138,0.010525699,False
5,games5425898691,1,139,0.07500896,False
6,games5425898691,1,185,0.8814077,True
