,shot_taker_name,is_orange,time,xg,goal
0,games5425898691,1,35,0.7994841,True
1,enpitsu,1,90,0.44828698,True
2,games5425898691,1,107,0.5282631,True
3,enpitsu,1,128,0.51247305,True
4,games5425898691,1,138,0.009844384,False
5,games5425898691,1,139,0.04934185,False
6,games5425898691,1,185,0.73831636,True
