,shot_taker_name,is_orange,time,xg,goal
0,TTV-Levi_1690,0,4.0,0.81272966,True
1,TTV-Levi_1690,0,5.0,0.0012175959,False
2,TTV-Levi_1690,0,50.0,0.1552848,False
3,games5425898691,1,52.0,0.45129606,True
4,buuuuqa.,0,164.0,0.01075564,False
5,TTV-Levi_1690,0,217.0,0.15737033,True
6,buuuuqa.,0,241.0,0.17572296,False
7,games5425898691,1,277.0,0.26524544,True
