,shot_taker_name,is_orange,time,xg,goal
0,TTV-Levi_1690,0,4.0,0.76893824,True
1,TTV-Levi_1690,0,5.0,0.0031317929,False
2,TTV-Levi_1690,0,50.0,0.07488223,False
3,games5425898691,1,52.0,0.54393774,True
4,buuuuqa.,0,164.0,0.06366439,False
5,TTV-Levi_1690,0,217.0,0.22488907,True
6,buuuuqa.,0,241.0,0.065485865,False
7,games5425898691,1,277.0,0.30740193,True
