,shot_taker_name,is_orange,time,xg,goal
0,games5425898691,1,0,0.030328276,False
1,MinPi ✘,0,37,0.61405754,False
2,MinPi ✘,0,76,0.9095744,True
3,enpitsu,1,119,0.3863147,True
4,Mano Bailas,0,215,0.5134291,True
5,Mano Bailas,0,241,0.6233421,False
6,Mano Bailas,0,244,0.7444977,True
7,games5425898691,1,300,0.7145347,False
