,shot_taker_name,is_orange,time,xg,goal
0,games5425898691,1,0,0.023460953,False
1,MinPi ✘,0,37,0.5377711,False
2,MinPi ✘,0,76,0.27968237,True
3,enpitsu,1,119,0.50249374,True
4,Mano Bailas,0,215,0.5865768,True
5,Mano Bailas,0,241,0.7440171,False
6,Mano Bailas,0,244,0.56907797,True
7,games5425898691,1,300,0.80909795,False
