,shot_taker_name,is_orange,time,xg,goal
0,games5425898691,1,0,0.015049618,False
1,MinPi ✘,0,37,0.3119329,False
2,MinPi ✘,0,76,0.5802356,True
3,enpitsu,1,119,0.36366,True
4,Mano Bailas,0,215,0.76041406,True
5,Mano Bailas,0,241,0.77765566,False
6,Mano Bailas,0,244,0.77133864,True
7,games5425898691,1,300,0.7830288,False
