,shot_taker_name,is_orange,time,xg,goal
0,games5425898691,1,0,0.009984593,False
1,MinPi ✘,0,37,0.83710366,False
2,MinPi ✘,0,76,0.15568353,True
3,enpitsu,1,119,0.27560964,True
4,Mano Bailas,0,215,0.88574433,True
5,Mano Bailas,0,241,0.48825297,False
6,Mano Bailas,0,244,0.6861755,True
7,games5425898691,1,300,0.5918403,False
