,shot_taker_name,is_orange,time,xg,goal
0,games5425898691,1,0,0.022987863,False
1,MinPi ✘,0,37,0.4988799,False
2,MinPi ✘,0,76,0.6574914,True
3,enpitsu,1,119,0.38473603,True
4,Mano Bailas,0,215,0.57977486,True
5,Mano Bailas,0,241,0.64207494,False
6,Mano Bailas,0,244,0.5657274,True
7,games5425898691,1,300,0.74838215,False
