,shot_taker_name,is_orange,time,xg,goal
0,games5425898691,1,0,0.035959214,False
1,MinPi ✘,0,37,0.5850956,False
2,MinPi ✘,0,76,0.5306471,True
3,enpitsu,1,119,0.38184017,True
4,Mano Bailas,0,215,0.8680271,True
5,Mano Bailas,0,241,0.6424622,False
6,Mano Bailas,0,244,0.7102383,True
7,games5425898691,1,300,0.8532311,False
