,shot_taker_name,is_orange,time,xg,goal
0,games5425898691,1,0,0.026511203,False
1,MinPi ✘,0,37,0.68236077,False
2,MinPi ✘,0,76,0.6493781,True
3,enpitsu,1,119,0.3869607,True
4,Mano Bailas,0,215,0.4711441,True
5,Mano Bailas,0,241,0.67311746,False
6,Mano Bailas,0,244,0.82150054,True
7,games5425898691,1,300,0.7108228,False
