,shot_taker_name,is_orange,time,xg,goal
0,games5425898691,1,0,0.0033316587,False
1,MinPi ✘,0,37,0.30493888,False
2,MinPi ✘,0,76,0.3288478,True
3,enpitsu,1,119,0.24305879,True
4,Mano Bailas,0,215,0.8309209,True
5,Mano Bailas,0,241,0.48949414,False
6,Mano Bailas,0,244,0.611629,True
7,games5425898691,1,300,0.92450804,False
