,shot_taker_name,is_orange,time,xg,goal
0,YeetusMcTweetus,1,11,0.41945866,False
1,games5425898691,0,41,0.31625286,False
2,sneaky66,1,137,0.94156575,True
3,games5425898691,0,138,0.0029704846,False
4,enpitsu,0,151,0.41610703,False
5,YeetusMcTweetus,1,191,0.337667,True
6,games5425898691,0,200,0.22355965,False
7,games5425898691,0,241,0.23295024,False
8,sneaky66,1,261,0.09766532,False
9,sneaky66,1,262,0.18184525,True
10,sneaky66,1,281,0.9312765,True
11,games5425898691,0,292,0.3098598,True
