,shot_taker_name,is_orange,time,xg,goal
0,YeetusMcTweetus,1,11,0.26602805,False
1,games5425898691,0,41,0.26553223,False
2,sneaky66,1,137,0.9194696,True
3,games5425898691,0,138,0.029156566,False
4,enpitsu,0,151,0.43949798,False
5,YeetusMcTweetus,1,191,0.36791265,True
6,games5425898691,0,200,0.2875047,False
7,games5425898691,0,241,0.24731821,False
8,sneaky66,1,261,0.11614712,False
9,sneaky66,1,262,0.23615135,True
10,sneaky66,1,281,0.9496172,True
11,games5425898691,0,292,0.21939862,True
