,shot_taker_name,is_orange,time,xg,goal
0,YeetusMcTweetus,1,11,0.22213405,False
1,games5425898691,0,41,0.1707066,False
2,sneaky66,1,137,0.9617367,True
3,games5425898691,0,138,0.0072539235,False
4,enpitsu,0,151,0.5542776,False
5,YeetusMcTweetus,1,191,0.3768159,True
6,games5425898691,0,200,0.3513063,False
7,games5425898691,0,241,0.1697269,False
8,sneaky66,1,261,0.25387526,False
9,sneaky66,1,262,0.26175657,True
10,sneaky66,1,281,0.9074529,True
11,games5425898691,0,292,0.13318495,True
