,shot_taker_name,is_orange,time,xg,goal
0,YeetusMcTweetus,1,11,0.21699625,False
1,games5425898691,0,41,0.14178686,False
2,sneaky66,1,137,0.94310707,True
3,games5425898691,0,138,0.0069156275,False
4,enpitsu,0,151,0.43662086,False
5,YeetusMcTweetus,1,191,0.3106423,True
6,games5425898691,0,200,0.20579281,False
7,games5425898691,0,241,0.263975,False
8,sneaky66,1,261,0.19409546,False
9,sneaky66,1,262,0.16330996,True
10,sneaky66,1,281,0.8516359,True
11,games5425898691,0,292,0.18058833,True
