,shot_taker_name,is_orange,time,xg,goal
0,enpitsu,0,8.0,0.05427573,False
1,games5425898691,0,123.0,0.53663933,True
2,games5425898691,0,146.0,0.61178505,True
3,Krazytrainツ,1,161.0,0.22788371,True
4,venom-murkzz,1,177.0,0.02369438,False
5,Krazytrainツ,1,180.0,0.60095406,False
6,Krazytrainツ,1,213.0,0.12199843,False
7,games5425898691,0,242.0,0.5803574,True
8,games5425898691,0,281.0,0.29009908,True
9,games5425898691,0,288.0,0.14653905,False
10,enpitsu,0,296.0,0.24093615,False
