,shot_taker_name,is_orange,time,xg,goal
0,enpitsu,0,8.0,0.033612445,False
1,games5425898691,0,123.0,0.4964795,True
2,games5425898691,0,146.0,0.7288105,True
3,Krazytrainツ,1,161.0,0.202768,True
4,venom-murkzz,1,177.0,0.10445776,False
5,Krazytrainツ,1,180.0,0.63256425,False
6,Krazytrainツ,1,213.0,0.19576792,False
7,games5425898691,0,242.0,0.37207195,True
8,games5425898691,0,281.0,0.31390172,True
9,games5425898691,0,288.0,0.14042069,False
10,enpitsu,0,296.0,0.5992477,False
