,shot_taker_name,is_orange,time,xg,goal
0,enpitsu,0,8.0,0.021163484,False
1,games5425898691,0,123.0,0.47222847,True
2,games5425898691,0,146.0,0.43442035,True
3,Krazytrainツ,1,161.0,0.37942854,True
4,venom-murkzz,1,177.0,0.044253666,False
5,Krazytrainツ,1,180.0,0.45805362,False
6,Krazytrainツ,1,213.0,0.10861579,False
7,games5425898691,0,242.0,0.3253624,True
8,games5425898691,0,281.0,0.15385856,True
9,games5425898691,0,288.0,0.26829377,False
10,enpitsu,0,296.0,0.1200053,False
