,shot_taker_name,is_orange,time,xg,goal
0,enpitsu,0,8.0,0.03451829,False
1,games5425898691,0,123.0,0.510087,True
2,games5425898691,0,146.0,0.5310944,True
3,Krazytrainツ,1,161.0,0.2609966,True
4,venom-murkzz,1,177.0,0.05919201,False
5,Krazytrainツ,1,180.0,0.843012,False
6,Krazytrainツ,1,213.0,0.14457722,False
7,games5425898691,0,242.0,0.26957455,True
8,games5425898691,0,281.0,0.3184074,True
9,games5425898691,0,288.0,0.36220068,False
10,enpitsu,0,296.0,0.12988354,False
