,shot_taker_name,is_orange,time,xg,goal
0,enpitsu,0,8.0,0.05867094,False
1,games5425898691,0,123.0,0.32013154,True
2,games5425898691,0,146.0,0.5697804,True
3,Krazytrainツ,1,161.0,0.66660595,True
4,venom-murkzz,1,177.0,0.013126033,False
5,Krazytrainツ,1,180.0,0.48496127,False
6,Krazytrainツ,1,213.0,0.1355559,False
7,games5425898691,0,242.0,0.13026612,True
8,games5425898691,0,281.0,0.20404801,True
9,games5425898691,0,288.0,0.0820855,False
10,enpitsu,0,296.0,0.18992093,False
