,shot_taker_name,is_orange,time,xg,goal
0,enpitsu,0,8.0,0.17626576,False
1,games5425898691,0,123.0,0.27182108,True
2,games5425898691,0,146.0,0.77183455,True
3,Krazytrainツ,1,161.0,0.21237731,True
4,venom-murkzz,1,177.0,0.026681442,False
5,Krazytrainツ,1,180.0,0.2884411,False
6,Krazytrainツ,1,213.0,0.18105221,False
7,games5425898691,0,242.0,0.36689627,True
8,games5425898691,0,281.0,0.13896763,True
9,games5425898691,0,288.0,0.0643275,False
10,enpitsu,0,296.0,0.1663163,False
