,shot_taker_name,is_orange,time,xg,goal
0,enpitsu,0,8.0,0.029570237,False
1,games5425898691,0,123.0,0.5356265,True
2,games5425898691,0,146.0,0.6151143,True
3,Krazytrainツ,1,161.0,0.29286388,True
4,venom-murkzz,1,177.0,0.11238485,False
5,Krazytrainツ,1,180.0,0.7604409,False
6,Krazytrainツ,1,213.0,0.09201097,False
7,games5425898691,0,242.0,0.2374139,True
8,games5425898691,0,281.0,0.14843479,True
9,games5425898691,0,288.0,0.045747757,False
10,enpitsu,0,296.0,0.14364395,False
