,shot_taker_name,is_orange,time,xg,goal
0,enpitsu,0,8.0,0.0109895235,False
1,games5425898691,0,123.0,0.65395224,True
2,games5425898691,0,146.0,0.44655335,True
3,Krazytrainツ,1,161.0,0.034280557,True
4,venom-murkzz,1,177.0,0.019136285,False
5,Krazytrainツ,1,180.0,0.6307147,False
6,Krazytrainツ,1,213.0,0.1495868,False
7,games5425898691,0,242.0,0.19334878,True
8,games5425898691,0,281.0,0.25457013,True
9,games5425898691,0,288.0,0.021094676,False
10,enpitsu,0,296.0,0.13195777,False
