,shot_taker_name,is_orange,time,xg,goal
0,games5425898691,1,0,0.007916439,False
1,enpitsu,1,26,0.07127902,False
2,GooseXRebound,0,46,0.40480027,False
3,games5425898691,1,176,0.42898357,True
4,enpitsu,1,193,0.5200507,False
5,GooseXRebound,0,228,0.16139711,True
6,High_Tester_Vega,0,244,0.25960314,True
7,enpitsu,1,294,0.25835645,False
8,games5425898691,1,296,0.22615944,False
9,enpitsu,1,298,0.5252651,False
