,shot_taker_name,is_orange,time,xg,goal
0,games5425898691,1,0,0.02503937,False
1,enpitsu,1,26,0.08429995,False
2,GooseXRebound,0,46,0.22510198,False
3,games5425898691,1,176,0.23950934,True
4,enpitsu,1,193,0.79349893,False
5,GooseXRebound,0,228,0.12610164,True
6,High_Tester_Vega,0,244,0.433368,True
7,enpitsu,1,294,0.45157194,False
8,games5425898691,1,296,0.23489603,False
9,enpitsu,1,298,0.30897528,False
