,shot_taker_name,is_orange,time,xg,goal
0,games5425898691,1,0,0.0025981648,False
1,enpitsu,1,26,0.16405241,False
2,GooseXRebound,0,46,0.25268847,False
3,games5425898691,1,176,0.5337969,True
4,enpitsu,1,193,0.5201101,False
5,GooseXRebound,0,228,0.110155545,True
6,High_Tester_Vega,0,244,0.380028,True
7,enpitsu,1,294,0.09952928,False
8,games5425898691,1,296,0.41761607,False
9,enpitsu,1,298,0.6272804,False
