,shot_taker_name,is_orange,time,xg,goal
0,games5425898691,1,0,0.0230441,False
1,enpitsu,1,26,0.0823638,False
2,GooseXRebound,0,46,0.2026297,False
3,games5425898691,1,176,0.26548272,True
4,enpitsu,1,193,0.42498296,False
5,GooseXRebound,0,228,0.14097929,True
6,High_Tester_Vega,0,244,0.2661853,True
7,enpitsu,1,294,0.29241112,False
8,games5425898691,1,296,0.19957292,False
9,enpitsu,1,298,0.79947674,False
