,shot_taker_name,is_orange,time,xg,goal
0,games5425898691,1,0,0.010147702,False
1,enpitsu,1,26,0.03532131,False
2,GooseXRebound,0,46,0.087386504,False
3,games5425898691,1,176,0.28005126,True
4,enpitsu,1,193,0.62576646,False
5,GooseXRebound,0,228,0.35944068,True
6,High_Tester_Vega,0,244,0.19258311,True
7,enpitsu,1,294,0.1953989,False
8,games5425898691,1,296,0.1372492,False
9,enpitsu,1,298,0.70752287,False
