,shot_taker_name,is_orange,time,xg,goal
0,games5425898691,1,0,0.009097581,False
1,enpitsu,1,26,0.095526576,False
2,GooseXRebound,0,46,0.30404714,False
3,games5425898691,1,176,0.6806702,True
4,enpitsu,1,193,0.6834042,False
5,GooseXRebound,0,228,0.17361617,True
6,High_Tester_Vega,0,244,0.39141414,True
7,enpitsu,1,294,0.23314434,False
8,games5425898691,1,296,0.34070253,False
9,enpitsu,1,298,0.51416695,False
