,shot_taker_name,is_orange,time,xg,goal
0,games5425898691,1,0,0.006853897,False
1,enpitsu,1,26,0.17010283,False
2,GooseXRebound,0,46,0.0482781,False
3,games5425898691,1,176,0.09124999,True
4,enpitsu,1,193,0.87002546,False
5,GooseXRebound,0,228,0.1941917,True
6,High_Tester_Vega,0,244,0.75551045,True
7,enpitsu,1,294,0.003847707,False
8,games5425898691,1,296,0.12175664,False
9,enpitsu,1,298,0.70084876,False
