,shot_taker_name,is_orange,time,xg,goal
0,games5425898691,1,0,0.017786145,False
1,enpitsu,1,26,0.047529187,False
2,GooseXRebound,0,46,0.24330033,False
3,games5425898691,1,176,0.25421712,True
4,enpitsu,1,193,0.2670916,False
5,GooseXRebound,0,228,0.28731388,True
6,High_Tester_Vega,0,244,0.20279612,True
7,enpitsu,1,294,0.29081547,False
8,games5425898691,1,296,0.54474473,False
9,enpitsu,1,298,0.72251505,False
