,shot_taker_name,is_orange,time,xg,goal
0,enpitsu,1,26,0.8082881,False
1,Ika WRLD,0,131,0.24725166,True
2,games5425898691,1,148,0.5175213,True
3,Ika WRLD,0,177,0.33419147,False
4,KayFlop_G7,0,190,0.9471262,True
5,KayFlop_G7,0,194,0.7322301,True
6,enpitsu,1,208,0.24717082,True
7,Ika WRLD,0,232,0.2300593,False
8,enpitsu,1,243,0.40783763,True
9,enpitsu,1,271,0.3044387,True
10,games5425898691,1,282,0.91882646,True
