,shot_taker_name,is_orange,time,xg,goal
0,enpitsu,1,26,0.91745055,False
1,Ika WRLD,0,131,0.4985258,True
2,games5425898691,1,148,0.51925814,True
3,Ika WRLD,0,177,0.2640944,False
4,KayFlop_G7,0,190,0.9490384,True
5,KayFlop_G7,0,194,0.70645255,True
6,enpitsu,1,208,0.25767347,True
7,Ika WRLD,0,232,0.2061533,False
8,enpitsu,1,243,0.21361609,True
9,enpitsu,1,271,0.2069805,True
10,games5425898691,1,282,0.9429595,True
