,shot_taker_name,is_orange,time,xg,goal
0,enpitsu,1,26,0.9574265,False
1,Ika WRLD,0,131,0.3276821,True
2,games5425898691,1,148,0.6219445,True
3,Ika WRLD,0,177,0.29151368,False
4,KayFlop_G7,0,190,0.9365223,True
5,KayFlop_G7,0,194,0.38085932,True
6,enpitsu,1,208,0.13446791,True
7,Ika WRLD,0,232,0.7033539,False
8,enpitsu,1,243,0.13409191,True
9,enpitsu,1,271,0.24933569,True
10,games5425898691,1,282,0.71549165,True
