,shot_taker_name,is_orange,time,xg,goal
0,enpitsu,1,26,0.9411717,False
1,Ika WRLD,0,131,0.09623112,True
2,games5425898691,1,148,0.40393677,True
3,Ika WRLD,0,177,0.032838274,False
4,KayFlop_G7,0,190,0.9681124,True
5,KayFlop_G7,0,194,0.2622024,True
6,enpitsu,1,208,0.20453812,True
7,Ika WRLD,0,232,0.7599496,False
8,enpitsu,1,243,0.057408758,True
9,enpitsu,1,271,0.07029517,True
10,games5425898691,1,282,0.7589257,True
