,shot_taker_name,is_orange,time,xg,goal
0,enpitsu,1,26,0.86125135,False
1,Ika WRLD,0,131,0.38071755,True
2,games5425898691,1,148,0.49126315,True
3,Ika WRLD,0,177,0.24199322,False
4,KayFlop_G7,0,190,0.8102522,True
5,KayFlop_G7,0,194,0.66141486,True
6,enpitsu,1,208,0.07673056,True
7,Ika WRLD,0,232,0.2937849,False
8,enpitsu,1,243,0.32333368,True
9,enpitsu,1,271,0.36678597,True
10,games5425898691,1,282,0.68728375,True
