,shot_taker_name,is_orange,time,xg,goal
0,enpitsu,1,26,0.75036204,False
1,Ika WRLD,0,131,0.50625575,True
2,games5425898691,1,148,0.49714524,True
3,Ika WRLD,0,177,0.24876422,False
4,KayFlop_G7,0,190,0.96806496,True
5,KayFlop_G7,0,194,0.50433254,True
6,enpitsu,1,208,0.26864728,True
7,Ika WRLD,0,232,0.16972922,False
8,enpitsu,1,243,0.26650435,True
9,enpitsu,1,271,0.33781192,True
10,games5425898691,1,282,0.6786117,True
