,shot_taker_name,is_orange,time,xg,goal
0,enpitsu,1,26,0.7585653,False
1,Ika WRLD,0,131,0.32341507,True
2,games5425898691,1,148,0.5445016,True
3,Ika WRLD,0,177,0.34946173,False
4,KayFlop_G7,0,190,0.927603,True
5,KayFlop_G7,0,194,0.64958316,True
6,enpitsu,1,208,0.16185974,True
7,Ika WRLD,0,232,0.16714825,False
8,enpitsu,1,243,0.21718842,True
9,enpitsu,1,271,0.35471594,True
10,games5425898691,1,282,0.4924471,True
