,shot_taker_name,is_orange,time,xg,goal
0,enpitsu,1,26,0.8891881,False
1,Ika WRLD,0,131,0.18883458,True
2,games5425898691,1,148,0.5730749,True
3,Ika WRLD,0,177,0.28717807,False
4,KayFlop_G7,0,190,0.98085785,True
5,KayFlop_G7,0,194,0.7029754,True
6,enpitsu,1,208,0.24435018,True
7,Ika WRLD,0,232,0.30832553,False
8,enpitsu,1,243,0.31820098,True
9,enpitsu,1,271,0.47451082,True
10,games5425898691,1,282,0.7264753,True
