,shot_taker_name,is_orange,time,xg,goal
0,FlasH_Ball,0,0.0,0.0012404522,False
1,EasyNayzl,0,25.0,0.51528525,False
2,games5425898691,1,109.0,0.19909021,False
3,enpitsu,1,117.0,0.18497911,False
4,enpitsu,1,119.0,0.7044678,True
5,FlasH_Ball,0,131.0,0.28482646,False
6,EasyNayzl,0,137.0,0.57728076,True
7,enpitsu,1,315.0,0.052647296,False
8,FlasH_Ball,0,324.0,0.008660157,False
9,FlasH_Ball,0,324.0,0.0151639115,False
