,shot_taker_name,is_orange,time,xg,goal
0,FlasH_Ball,0,0.0,0.0016103988,False
1,EasyNayzl,0,25.0,0.37157065,False
2,games5425898691,1,109.0,0.15988624,False
3,enpitsu,1,117.0,0.057512015,False
4,enpitsu,1,119.0,0.5225338,True
5,FlasH_Ball,0,131.0,0.26135036,False
6,EasyNayzl,0,137.0,0.72046024,True
7,enpitsu,1,315.0,0.027890515,False
8,FlasH_Ball,0,324.0,0.001649202,False
9,FlasH_Ball,0,324.0,0.010325604,False
