,shot_taker_name,is_orange,time,xg,goal
0,FlasH_Ball,0,0.0,0.00032423454,False
1,EasyNayzl,0,25.0,0.14143193,False
2,games5425898691,1,109.0,0.23980826,False
3,enpitsu,1,117.0,0.11232415,False
4,enpitsu,1,119.0,0.5875602,True
5,FlasH_Ball,0,131.0,0.21434835,False
6,EasyNayzl,0,137.0,0.7997969,True
7,enpitsu,1,315.0,0.09359203,False
8,FlasH_Ball,0,324.0,0.0056756367,False
9,FlasH_Ball,0,324.0,0.008618147,False
