,shot_taker_name,is_orange,time,xg,goal
0,OgolCromgog,0,21,0.873546,True
1,Evolution,0,74,0.071793765,False
2,OgolCromgog,0,147,0.18415047,False
3,games5425898691,1,215,0.38631508,True
4,enpitsu,1,254,0.30878413,True
5,games5425898691,1,255,0.0048361067,False
