,shot_taker_name,is_orange,time,xg,goal
0,OgolCromgog,0,21,0.77867573,True
1,Evolution,0,74,0.689102,False
2,OgolCromgog,0,147,0.43710455,False
3,games5425898691,1,215,0.33272028,True
4,enpitsu,1,254,0.43455827,True
5,games5425898691,1,255,0.0031296737,False
