,shot_taker_name,is_orange,time,xg,goal
0,OgolCromgog,0,21,0.82278216,True
1,Evolution,0,74,0.4819242,False
2,OgolCromgog,0,147,0.58635056,False
3,games5425898691,1,215,0.27551967,True
4,enpitsu,1,254,0.45972663,True
5,games5425898691,1,255,0.0057275984,False
