,shot_taker_name,is_orange,time,xg,goal
0,OgolCromgog,0,21,0.7969441,True
1,Evolution,0,74,0.13572802,False
2,OgolCromgog,0,147,0.25583038,False
3,games5425898691,1,215,0.84035075,True
4,enpitsu,1,254,0.33373442,True
5,games5425898691,1,255,0.0036533163,False
