,shot_taker_name,is_orange,time,xg,goal
0,OgolCromgog,0,21,0.78722084,True
1,Evolution,0,74,0.742809,False
2,OgolCromgog,0,147,0.37320942,False
3,games5425898691,1,215,0.44660366,True
4,enpitsu,1,254,0.2790991,True
5,games5425898691,1,255,0.0012190808,False
