,shot_taker_name,is_orange,time,xg,goal
0,OgolCromgog,0,21,0.81127626,True
1,Evolution,0,74,0.8152432,False
2,OgolCromgog,0,147,0.38951957,False
3,games5425898691,1,215,0.35346076,True
4,enpitsu,1,254,0.45444512,True
5,games5425898691,1,255,0.0069796476,False
