,shot_taker_name,is_orange,time,xg,goal
0,okinezos,0,19,0.2919312,False
1,games5425898691,1,51,0.3804488,True
2,okinezos,0,63,0.31478578,False
3,Ping Guy,0,95,0.19032377,True
4,enpitsu,1,131,0.35547107,True
5,enpitsu,1,140,0.05418971,False
6,games5425898691,1,178,0.3134247,True
7,enpitsu,1,194,0.83519286,True
8,enpitsu,1,215,0.07422189,False
9,Ping Guy,0,262,0.31568336,True
10,enpitsu,1,295,0.22863367,False
11,Ping Guy,0,300,0.51015687,False
