,shot_taker_name,is_orange,time,xg,goal
0,okinezos,0,19,0.25466305,False
1,games5425898691,1,51,0.30440956,True
2,okinezos,0,63,0.5474132,False
3,Ping Guy,0,95,0.24464749,True
4,enpitsu,1,131,0.34869248,True
5,enpitsu,1,140,0.0820457,False
6,games5425898691,1,178,0.26183397,True
7,enpitsu,1,194,0.74692994,True
8,enpitsu,1,215,0.02093853,False
9,Ping Guy,0,262,0.35136068,True
10,enpitsu,1,295,0.11076428,False
11,Ping Guy,0,300,0.52468467,False
