,shot_taker_name,is_orange,time,xg,goal
0,okinezos,0,19,0.14728452,False
1,games5425898691,1,51,0.55991095,True
2,okinezos,0,63,0.12780045,False
3,Ping Guy,0,95,0.09943443,True
4,enpitsu,1,131,0.49016625,True
5,enpitsu,1,140,0.14766382,False
6,games5425898691,1,178,0.19886523,True
7,enpitsu,1,194,0.5951987,True
8,enpitsu,1,215,0.04751872,False
9,Ping Guy,0,262,0.4806446,True
10,enpitsu,1,295,0.3121248,False
11,Ping Guy,0,300,0.7341672,False
