,shot_taker_name,is_orange,time,xg,goal
0,okinezos,0,19,0.09896533,False
1,games5425898691,1,51,0.5378306,True
2,okinezos,0,63,0.30984956,False
3,Ping Guy,0,95,0.07046209,True
4,enpitsu,1,131,0.42598858,True
5,enpitsu,1,140,0.12874487,False
6,games5425898691,1,178,0.11836835,True
7,enpitsu,1,194,0.6512322,True
8,enpitsu,1,215,0.057361048,False
9,Ping Guy,0,262,0.4451021,True
10,enpitsu,1,295,0.17277448,False
11,Ping Guy,0,300,0.5589113,False
