,shot_taker_name,is_orange,time,xg,goal
0,okinezos,0,19,0.32029516,False
1,games5425898691,1,51,0.58164185,True
2,okinezos,0,63,0.025461338,False
3,Ping Guy,0,95,0.11484571,True
4,enpitsu,1,131,0.58646894,True
5,enpitsu,1,140,0.07882926,False
6,games5425898691,1,178,0.22149567,True
7,enpitsu,1,194,0.72032684,True
8,enpitsu,1,215,0.071075305,False
9,Ping Guy,0,262,0.8169805,True
10,enpitsu,1,295,0.08701602,False
11,Ping Guy,0,300,0.6246942,False
