,shot_taker_name,is_orange,time,xg,goal
0,okinezos,0,19,0.1187723,False
1,games5425898691,1,51,0.49747646,True
2,okinezos,0,63,0.2640361,False
3,Ping Guy,0,95,0.21703842,True
4,enpitsu,1,131,0.76718867,True
5,enpitsu,1,140,0.06526979,False
6,games5425898691,1,178,0.18304381,True
7,enpitsu,1,194,0.7672237,True
8,enpitsu,1,215,0.021728402,False
9,Ping Guy,0,262,0.6332876,True
10,enpitsu,1,295,0.20126207,False
11,Ping Guy,0,300,0.6019415,False
