,shot_taker_name,is_orange,time,xg,goal
0,okinezos,0,19,0.27797243,False
1,games5425898691,1,51,0.9398897,True
2,okinezos,0,63,0.1025414,False
3,Ping Guy,0,95,0.042310167,True
4,enpitsu,1,131,0.46537155,True
5,enpitsu,1,140,0.42248148,False
6,games5425898691,1,178,0.07994253,True
7,enpitsu,1,194,0.71317875,True
8,enpitsu,1,215,0.08426417,False
9,Ping Guy,0,262,0.47618952,True
10,enpitsu,1,295,0.049345575,False
11,Ping Guy,0,300,0.698638,False
