,shot_taker_name,is_orange,time,xg,goal
0,okinezos,0,19,0.2860634,False
1,games5425898691,1,51,0.7050882,True
2,okinezos,0,63,0.37577835,False
3,Ping Guy,0,95,0.14808914,True
4,enpitsu,1,131,0.4380175,True
5,enpitsu,1,140,0.08672467,False
6,games5425898691,1,178,0.22065529,True
7,enpitsu,1,194,0.6896333,True
8,enpitsu,1,215,0.0416242,False
9,Ping Guy,0,262,0.6042074,True
10,enpitsu,1,295,0.24983783,False
11,Ping Guy,0,300,0.7880637,False
