,shot_taker_name,is_orange,time,xg,goal
0,Whap Goblin,1,0,0.0038141224,False
1,Knabz,1,56,0.055187862,False
2,Knabz,1,151,0.9173124,True
3,enpitsu,0,152,0.008700528,False
4,Knabz,1,175,0.8491034,True
5,games5425898691,0,192,0.5294053,False
6,enpitsu,0,268,0.2568267,False
7,enpitsu,0,274,0.702842,True
8,enpitsu,0,290,0.0029423984,False
9,enpitsu,0,291,0.45229715,False
10,enpitsu,0,291,0.1293663,False
