,shot_taker_name,is_orange,time,xg,goal
0,Whap Goblin,1,0,0.0017072309,False
1,Knabz,1,56,0.06835559,False
2,Knabz,1,151,0.7511703,True
3,enpitsu,0,152,0.033288606,False
4,Knabz,1,175,0.8519125,True
5,games5425898691,0,192,0.7823009,False
6,enpitsu,0,268,0.06440144,False
7,enpitsu,0,274,0.6335441,True
8,enpitsu,0,290,0.016501604,False
9,enpitsu,0,291,0.43790066,False
10,enpitsu,0,291,0.05199417,False
