,shot_taker_name,is_orange,time,xg,goal
0,Whap Goblin,1,0,0.0013527122,False
1,Knabz,1,56,0.027535263,False
2,Knabz,1,151,0.8111876,True
3,enpitsu,0,152,0.004480387,False
4,Knabz,1,175,0.9265246,True
5,games5425898691,0,192,0.51909184,False
6,enpitsu,0,268,0.48108003,False
7,enpitsu,0,274,0.7816331,True
8,enpitsu,0,290,0.04914993,False
9,enpitsu,0,291,0.053404354,False
10,enpitsu,0,291,0.02706396,False
