,shot_taker_name,is_orange,time,xg,goal
0,Whap Goblin,1,0,0.0011692608,False
1,Knabz,1,56,0.020635348,False
2,Knabz,1,151,0.79467255,True
3,enpitsu,0,152,0.000801212,False
4,Knabz,1,175,0.9453863,True
5,games5425898691,0,192,0.4582843,False
6,enpitsu,0,268,0.3621392,False
7,enpitsu,0,274,0.70553154,True
8,enpitsu,0,290,0.0040995143,False
9,enpitsu,0,291,0.037602533,False
10,enpitsu,0,291,0.015142009,False
