,shot_taker_name,is_orange,time,xg,goal
0,Whap Goblin,1,0,0.004274631,False
1,Knabz,1,56,0.045509648,False
2,Knabz,1,151,0.88994366,True
3,enpitsu,0,152,0.01577289,False
4,Knabz,1,175,0.90923566,True
5,games5425898691,0,192,0.6218084,False
6,enpitsu,0,268,0.17360121,False
7,enpitsu,0,274,0.7680455,True
8,enpitsu,0,290,0.16308756,False
9,enpitsu,0,291,0.27885553,False
10,enpitsu,0,291,0.041568194,False
