,shot_taker_name,is_orange,time,xg,goal
0,Whap Goblin,1,0,0.003994013,False
1,Knabz,1,56,0.03367708,False
2,Knabz,1,151,0.85584784,True
3,enpitsu,0,152,0.0898055,False
4,Knabz,1,175,0.925087,True
5,games5425898691,0,192,0.8013486,False
6,enpitsu,0,268,0.21638443,False
7,enpitsu,0,274,0.88867617,True
8,enpitsu,0,290,0.15136668,False
9,enpitsu,0,291,0.22298016,False
10,enpitsu,0,291,0.23776479,False
