,shot_taker_name,is_orange,time,xg,goal
0,Whap Goblin,1,0,0.0034259292,False
1,Knabz,1,56,0.027651602,False
2,Knabz,1,151,0.77400446,True
3,enpitsu,0,152,0.023594981,False
4,Knabz,1,175,0.8866011,True
5,games5425898691,0,192,0.76997983,False
6,enpitsu,0,268,0.17559381,False
7,enpitsu,0,274,0.81653565,True
8,enpitsu,0,290,0.05851504,False
9,enpitsu,0,291,0.18689094,False
10,enpitsu,0,291,0.10909331,False
