,shot_taker_name,is_orange,time,xg,goal
0,Whap Goblin,1,0,0.0021027385,False
1,Knabz,1,56,0.024225019,False
2,Knabz,1,151,0.6401942,True
3,enpitsu,0,152,0.0073169363,False
4,Knabz,1,175,0.77406526,True
5,games5425898691,0,192,0.7554799,False
6,enpitsu,0,268,0.11637581,False
7,enpitsu,0,274,0.77122927,True
8,enpitsu,0,290,0.20821762,False
9,enpitsu,0,291,0.13907678,False
10,enpitsu,0,291,0.057345413,False
