,shot_taker_name,is_orange,time,xg,goal
0,ItsLaJoya10,0,10,0.13086087,False
1,ItsLaJoya10,0,55,0.18609384,True
2,VEX Lory075,0,66,0.31485492,False
3,enpitsu,1,115,0.31497458,True
4,games5425898691,1,130,0.170529,True
5,ItsLaJoya10,0,131,0.01886969,False
6,games5425898691,1,156,0.9775367,True
7,games5425898691,1,190,0.32701787,True
8,enpitsu,1,200,0.18399002,True
9,games5425898691,1,233,0.16541405,True
