,shot_taker_name,is_orange,time,xg,goal
0,ItsLaJoya10,0,10,0.17221394,False
1,ItsLaJoya10,0,55,0.30412233,True
2,VEX Lory075,0,66,0.20165826,False
3,enpitsu,1,115,0.26534703,True
4,games5425898691,1,130,0.3583262,True
5,ItsLaJoya10,0,131,0.025720242,False
6,games5425898691,1,156,0.931375,True
7,games5425898691,1,190,0.45959577,True
8,enpitsu,1,200,0.13947317,True
9,games5425898691,1,233,0.18175238,True
