,shot_taker_name,is_orange,time,xg,goal
0,ItsLaJoya10,0,10,0.15945671,False
1,ItsLaJoya10,0,55,0.2463786,True
2,VEX Lory075,0,66,0.13798213,False
3,enpitsu,1,115,0.2616107,True
4,games5425898691,1,130,0.29428855,True
5,ItsLaJoya10,0,131,0.021240834,False
6,games5425898691,1,156,0.96087974,True
7,games5425898691,1,190,0.46379218,True
8,enpitsu,1,200,0.5090458,True
9,games5425898691,1,233,0.189311,True
