,shot_taker_name,is_orange,time,xg,goal
0,enpitsu,1,34,0.4034175,False
1,enpitsu,1,36,0.70607394,False
2,games5425898691,1,38,0.9700575,True
3,iPewbzz,0,81,0.3932104,False
4,iPewbzz,0,150,0.43092507,False
5,enpitsu,1,198,0.66839916,True
6,enpitsu,1,260,0.7459001,False
7,games5425898691,1,262,0.9382588,True
