,shot_taker_name,is_orange,time,xg,goal
0,enpitsu,1,34,0.48092532,False
1,enpitsu,1,36,0.61013293,False
2,games5425898691,1,38,0.96423686,True
3,iPewbzz,0,81,0.52580667,False
4,iPewbzz,0,150,0.16637407,False
5,enpitsu,1,198,0.53101546,True
6,enpitsu,1,260,0.96243626,False
7,games5425898691,1,262,0.92417955,True
