,shot_taker_name,is_orange,time,xg,goal
0,games5425898691,1,40,0.038786948,False
1,games5425898691,1,47,0.6842191,False
2,games5425898691,1,56,0.18779837,False
3,enpitsu,1,67,0.050635464,False
4,games5425898691,1,135,0.71246785,False
5,Neiko,0,155,0.11713169,False
6,Neiko,0,178,0.14622879,False
7,Tsubasa,0,184,0.43628624,False
8,Neiko,0,223,0.6277232,False
9,Neiko,0,237,0.1251582,False
10,Neiko,0,262,0.48839453,False
11,Neiko,0,279,0.23770267,True
12,games5425898691,1,281,0.0048084473,False
