,shot_taker_name,is_orange,time,xg,goal
0,games5425898691,1,40,0.12656829,False
1,games5425898691,1,47,0.5492135,False
2,games5425898691,1,56,0.33009943,False
3,enpitsu,1,67,0.07113368,False
4,games5425898691,1,135,0.040679283,False
5,Neiko,0,155,0.04302316,False
6,Neiko,0,178,0.22831134,False
7,Tsubasa,0,184,0.1254882,False
8,Neiko,0,223,0.62501234,False
9,Neiko,0,237,0.09334359,False
10,Neiko,0,262,0.05817929,False
11,Neiko,0,279,0.092070445,True
12,games5425898691,1,281,0.0019855374,False
