,shot_taker_name,is_orange,time,xg,goal
0,games5425898691,1,40,0.18125999,False
1,games5425898691,1,47,0.26237914,False
2,games5425898691,1,56,0.21249993,False
3,enpitsu,1,67,0.07630044,False
4,games5425898691,1,135,0.24891996,False
5,Neiko,0,155,0.18143831,False
6,Neiko,0,178,0.18442896,False
7,Tsubasa,0,184,0.30010447,False
8,Neiko,0,223,0.2696659,False
9,Neiko,0,237,0.04398866,False
10,Neiko,0,262,0.07960418,False
11,Neiko,0,279,0.2547188,True
12,games5425898691,1,281,0.034822542,False
