,shot_taker_name,is_orange,time,xg,goal
0,games5425898691,1,40,0.064984865,False
1,games5425898691,1,47,0.36261332,False
2,games5425898691,1,56,0.48415434,False
3,enpitsu,1,67,0.03394517,False
4,games5425898691,1,135,0.31824875,False
5,Neiko,0,155,0.43161565,False
6,Neiko,0,178,0.16082832,False
7,Tsubasa,0,184,0.3265215,False
8,Neiko,0,223,0.47777343,False
9,Neiko,0,237,0.14838688,False
10,Neiko,0,262,0.09239858,False
11,Neiko,0,279,0.23637229,True
12,games5425898691,1,281,0.04072962,False
