,shot_taker_name,is_orange,time,xg,goal
0,games5425898691,1,40,0.12793429,False
1,games5425898691,1,47,0.40236217,False
2,games5425898691,1,56,0.25199068,False
3,enpitsu,1,67,0.042952307,False
4,games5425898691,1,135,0.10201416,False
5,Neiko,0,155,0.08948982,False
6,Neiko,0,178,0.35257992,False
7,Tsubasa,0,184,0.32304335,False
8,Neiko,0,223,0.2987223,False
9,Neiko,0,237,0.08240297,False
10,Neiko,0,262,0.18781604,False
11,Neiko,0,279,0.11580378,True
12,games5425898691,1,281,0.01220845,False
