,shot_taker_name,is_orange,time,xg,goal
0,games5425898691,1,40,0.074606374,False
1,games5425898691,1,47,0.28222728,False
2,games5425898691,1,56,0.19000964,False
3,enpitsu,1,67,0.067415774,False
4,games5425898691,1,135,0.15589997,False
5,Neiko,0,155,0.14181747,False
6,Neiko,0,178,0.20642702,False
7,Tsubasa,0,184,0.23303656,False
8,Neiko,0,223,0.46414328,False
9,Neiko,0,237,0.09059534,False
10,Neiko,0,262,0.16468045,False
11,Neiko,0,279,0.3183741,True
12,games5425898691,1,281,0.056433503,False
