,shot_taker_name,is_orange,time,xg,goal
0,games5425898691,1,40,0.0178071,False
1,games5425898691,1,47,0.38372537,False
2,games5425898691,1,56,0.0751538,False
3,enpitsu,1,67,0.13008091,False
4,games5425898691,1,135,0.049313664,False
5,Neiko,0,155,0.2724363,False
6,Neiko,0,178,0.1355085,False
7,Tsubasa,0,184,0.16700861,False
8,Neiko,0,223,0.54456544,False
9,Neiko,0,237,0.07017541,False
10,Neiko,0,262,0.042580962,False
11,Neiko,0,279,0.039693076,True
12,games5425898691,1,281,0.0033648307,False
