,shot_taker_name,is_orange,time,xg,goal
0,games5425898691,1,40,0.16695994,False
1,games5425898691,1,47,0.51187646,False
2,games5425898691,1,56,0.40555307,False
3,enpitsu,1,67,0.048767682,False
4,games5425898691,1,135,0.23622309,False
5,Neiko,0,155,0.20272091,False
6,Neiko,0,178,0.1741033,False
7,Tsubasa,0,184,0.364121,False
8,Neiko,0,223,0.12650718,False
9,Neiko,0,237,0.039561547,False
10,Neiko,0,262,0.2761622,False
11,Neiko,0,279,0.20565015,True
12,games5425898691,1,281,0.0066882307,False
