,shot_taker_name,is_orange,time,xg,goal
0,games5425898691,0,26,0.4519036,False
1,enpitsu,0,28,0.3627778,False
2,Torres_Boss81,1,75,0.3038811,False
3,games5425898691,0,117,0.14084882,False
4,games5425898691,0,177,0.40540177,True
5,enpitsu,0,185,0.42399943,False
6,enpitsu,0,186,0.519623,False
7,enpitsu,0,187,0.4101501,False
8,games5425898691,0,187,0.94300663,True
9,enpitsu,0,226,0.5061565,False
10,games5425898691,0,270,0.34775475,True
11,Torres_Boss81,1,275,0.580506,False
