,shot_taker_name,is_orange,time,xg,goal
0,games5425898691,0,26,0.24086784,False
1,enpitsu,0,28,0.4243971,False
2,Torres_Boss81,1,75,0.24819295,False
3,games5425898691,0,117,0.036890578,False
4,games5425898691,0,177,0.40417695,True
5,enpitsu,0,185,0.1129819,False
6,enpitsu,0,186,0.3885656,False
7,enpitsu,0,187,0.56776655,False
8,games5425898691,0,187,0.97479814,True
9,enpitsu,0,226,0.20074864,False
10,games5425898691,0,270,0.19485487,True
11,Torres_Boss81,1,275,0.5836398,False
