,shot_taker_name,is_orange,time,xg,goal
0,games5425898691,0,26,0.26309693,False
1,enpitsu,0,28,0.5721646,False
2,Torres_Boss81,1,75,0.12866646,False
3,games5425898691,0,117,0.3643047,False
4,games5425898691,0,177,0.44375387,True
5,enpitsu,0,185,0.47670805,False
6,enpitsu,0,186,0.2529851,False
7,enpitsu,0,187,0.18525077,False
8,games5425898691,0,187,0.9110705,True
9,enpitsu,0,226,0.038759276,False
10,games5425898691,0,270,0.12346383,True
11,Torres_Boss81,1,275,0.5287815,False
