,shot_taker_name,is_orange,time,xg,goal
0,games5425898691,0,26,0.45257628,False
1,enpitsu,0,28,0.42838213,False
2,Torres_Boss81,1,75,0.40400356,False
3,games5425898691,0,117,0.24998584,False
4,games5425898691,0,177,0.66022605,True
5,enpitsu,0,185,0.45596585,False
6,enpitsu,0,186,0.44625187,False
7,enpitsu,0,187,0.41584978,False
8,games5425898691,0,187,0.9320484,True
9,enpitsu,0,226,0.38198185,False
10,games5425898691,0,270,0.4288306,True
11,Torres_Boss81,1,275,0.56769025,False
