,shot_taker_name,is_orange,time,xg,goal
0,games5425898691,0,26,0.8553111,False
1,enpitsu,0,28,0.6928285,False
2,Torres_Boss81,1,75,0.4577816,False
3,games5425898691,0,117,0.24883361,False
4,games5425898691,0,177,0.5849519,True
5,enpitsu,0,185,0.26674852,False
6,enpitsu,0,186,0.58190775,False
7,enpitsu,0,187,0.30957752,False
8,games5425898691,0,187,0.9495052,True
9,enpitsu,0,226,0.2516702,False
10,games5425898691,0,270,0.23511374,True
11,Torres_Boss81,1,275,0.64335763,False
