,shot_taker_name,is_orange,time,xg,goal
0,games5425898691,0,26,0.39825442,False
1,enpitsu,0,28,0.43876907,False
2,Torres_Boss81,1,75,0.1687764,False
3,games5425898691,0,117,0.34260526,False
4,games5425898691,0,177,0.59792674,True
5,enpitsu,0,185,0.516077,False
6,enpitsu,0,186,0.59720665,False
7,enpitsu,0,187,0.32795906,False
8,games5425898691,0,187,0.8781434,True
9,enpitsu,0,226,0.5638506,False
10,games5425898691,0,270,0.29766518,True
11,Torres_Boss81,1,275,0.521145,False
