,shot_taker_name,is_orange,time,xg,goal
0,games5425898691,0,26,0.35505834,False
1,enpitsu,0,28,0.5664507,False
2,Torres_Boss81,1,75,0.41447043,False
3,games5425898691,0,117,0.10446073,False
4,games5425898691,0,177,0.6314049,True
5,enpitsu,0,185,0.24750842,False
6,enpitsu,0,186,0.6096543,False
7,enpitsu,0,187,0.2678789,False
8,games5425898691,0,187,0.97376615,True
9,enpitsu,0,226,0.772319,False
10,games5425898691,0,270,0.14030634,True
11,Torres_Boss81,1,275,0.7585291,False
