,shot_taker_name,is_orange,time,xg,goal
0,games5425898691,0,26,0.5085825,False
1,enpitsu,0,28,0.23043735,False
2,Torres_Boss81,1,75,0.46916148,False
3,games5425898691,0,117,0.27744985,False
4,games5425898691,0,177,0.520288,True
5,enpitsu,0,185,0.33128163,False
6,enpitsu,0,186,0.52659744,False
7,enpitsu,0,187,0.3221059,False
8,games5425898691,0,187,0.9136074,True
9,enpitsu,0,226,0.4369809,False
10,games5425898691,0,270,0.39474806,True
11,Torres_Boss81,1,275,0.5268355,False
