,shot_taker_name,is_orange,time,xg,goal
0,games5425898691,0,9,0.66285807,True
1,games5425898691,0,9,0.0012587024,False
2,games5425898691,0,69,0.7079031,True
3,games5425898691,0,93,0.4635888,False
4,games5425898691,0,98,0.5413308,False
5,enpitsu,0,147,0.31072617,False
6,enpitsu,0,148,0.64023435,False
7,enpitsu,0,158,0.8302366,True
8,games5425898691,0,188,0.4488967,True
