,shot_taker_name,is_orange,time,xg,goal
0,games5425898691,0,9,0.5237388,True
1,games5425898691,0,9,0.006594456,False
2,games5425898691,0,69,0.6981132,True
3,games5425898691,0,93,0.44425884,False
4,games5425898691,0,98,0.52524203,False
5,enpitsu,0,147,0.17809656,False
6,enpitsu,0,148,0.713988,False
7,enpitsu,0,158,0.8087626,True
8,games5425898691,0,188,0.069344446,True
