,shot_taker_name,is_orange,time,xg,goal
0,games5425898691,0,9,0.63922703,True
1,games5425898691,0,9,0.009562957,False
2,games5425898691,0,69,0.70880747,True
3,games5425898691,0,93,0.2656837,False
4,games5425898691,0,98,0.53768766,False
5,enpitsu,0,147,0.2881405,False
6,enpitsu,0,148,0.5554959,False
7,enpitsu,0,158,0.8301746,True
8,games5425898691,0,188,0.23229448,True
