,shot_taker_name,is_orange,time,xg,goal
0,games5425898691,0,9,0.5872913,True
1,games5425898691,0,9,0.0027325593,False
2,games5425898691,0,69,0.79455996,True
3,games5425898691,0,93,0.45652148,False
4,games5425898691,0,98,0.46673897,False
5,enpitsu,0,147,0.43472683,False
6,enpitsu,0,148,0.69649434,False
7,enpitsu,0,158,0.8192973,True
8,games5425898691,0,188,0.33036372,True
