,shot_taker_name,is_orange,time,xg,goal
0,Touguinha,1,57,0.9032115,True
1,Touguinha,1,58,0.0031414963,False
2,games5425898691,0,72,0.9173786,True
3,games5425898691,0,78,0.46116474,False
4,l4bel,1,131,0.66776645,True
5,l4bel,1,142,0.14570521,False
6,enpitsu,0,183,0.25699618,False
7,games5425898691,0,204,0.4897781,True
8,enpitsu,0,240,0.65623456,False
9,games5425898691,0,259,0.54925644,False
10,Touguinha,1,294,0.80090016,True
