,shot_taker_name,is_orange,time,xg,goal
0,Touguinha,1,57,0.9168549,True
1,Touguinha,1,58,0.004800208,False
2,games5425898691,0,72,0.90195644,True
3,games5425898691,0,78,0.49987856,False
4,l4bel,1,131,0.6123018,True
5,l4bel,1,142,0.09195503,False
6,enpitsu,0,183,0.48843175,False
7,games5425898691,0,204,0.41731682,True
8,enpitsu,0,240,0.7552204,False
9,games5425898691,0,259,0.3066304,False
10,Touguinha,1,294,0.77203107,True
