,shot_taker_name,is_orange,time,xg,goal
0,enpitsu,1,59.0,0.5360286,False
1,kinghelgix,0,111.0,0.09904279,False
2,games5425898691,1,125.0,0.46412104,False
3,games5425898691,1,144.0,0.061641753,True
4,enpitsu,1,164.0,0.035319928,False
5,kinghelgix,0,264.0,0.73738563,True
6,kinghelgix,0,273.0,0.31504166,False
7,kinghelgix,0,303.0,0.49706405,True
