,shot_taker_name,is_orange,time,xg,goal
0,enpitsu,1,59.0,0.54854155,False
1,kinghelgix,0,111.0,0.12568764,False
2,games5425898691,1,125.0,0.6354333,False
3,games5425898691,1,144.0,0.027452186,True
4,enpitsu,1,164.0,0.035212725,False
5,kinghelgix,0,264.0,0.6924522,True
6,kinghelgix,0,273.0,0.26459023,False
7,kinghelgix,0,303.0,0.41970214,True
