,shot_taker_name,is_orange,time,xg,goal
0,enpitsu,1,59.0,0.7037925,False
1,kinghelgix,0,111.0,0.05752662,False
2,games5425898691,1,125.0,0.7072866,False
3,games5425898691,1,144.0,0.03557271,True
4,enpitsu,1,164.0,0.04002641,False
5,kinghelgix,0,264.0,0.8978234,True
6,kinghelgix,0,273.0,0.21407086,False
7,kinghelgix,0,303.0,0.3829241,True
