,shot_taker_name,is_orange,time,xg,goal
0,games5425898691,0,21,0.33486736,True
1,games5425898691,0,57,0.7468529,True
2,kilijo07,1,62,0.2885367,True
3,Epoc†,1,90,0.14486615,True
4,Epoc†,1,120,0.33495855,False
5,enpitsu,0,137,0.12982927,True
6,Epoc†,1,152,0.27780893,False
7,Epoc†,1,185,0.07012124,False
8,kilijo07,1,213,0.7490989,False
9,Epoc†,1,249,0.83602816,True
10,enpitsu,0,254,0.8474966,True
11,games5425898691,0,274,0.07305017,False
12,enpitsu,0,292,0.66549647,False
