,shot_taker_name,is_orange,time,xg,goal
0,games5425898691,0,21,0.30224213,True
1,games5425898691,0,57,0.64193285,True
2,kilijo07,1,62,0.54638654,True
3,Epoc†,1,90,0.14526498,True
4,Epoc†,1,120,0.42952088,False
5,enpitsu,0,137,0.23075528,True
6,Epoc†,1,152,0.085785165,False
7,Epoc†,1,185,0.2802137,False
8,kilijo07,1,213,0.69559896,False
9,Epoc†,1,249,0.9587708,True
10,enpitsu,0,254,0.8600933,True
11,games5425898691,0,274,0.037905432,False
12,enpitsu,0,292,0.74584615,False
