,shot_taker_name,is_orange,time,xg,goal
0,games5425898691,0,21,0.21943924,True
1,games5425898691,0,57,0.85721934,True
2,kilijo07,1,62,0.2539546,True
3,Epoc†,1,90,0.3469501,True
4,Epoc†,1,120,0.5497841,False
5,enpitsu,0,137,0.033702645,True
6,Epoc†,1,152,0.09787292,False
7,Epoc†,1,185,0.6605975,False
8,kilijo07,1,213,0.5055512,False
9,Epoc†,1,249,0.97129154,True
10,enpitsu,0,254,0.9269679,True
11,games5425898691,0,274,0.07352434,False
12,enpitsu,0,292,0.66261363,False
