,shot_taker_name,is_orange,time,xg,goal
0,games5425898691,0,21,0.48152006,True
1,games5425898691,0,57,0.8177222,True
2,kilijo07,1,62,0.16448897,True
3,Epoc†,1,90,0.34422117,True
4,Epoc†,1,120,0.22515705,False
5,enpitsu,0,137,0.18981442,True
6,Epoc†,1,152,0.3684712,False
7,Epoc†,1,185,0.179537,False
8,kilijo07,1,213,0.8133638,False
9,Epoc†,1,249,0.96227926,True
10,enpitsu,0,254,0.7744913,True
11,games5425898691,0,274,0.010356216,False
12,enpitsu,0,292,0.6267127,False
