,shot_taker_name,is_orange,time,xg,goal
0,games5425898691,0,21,0.4562797,True
1,games5425898691,0,57,0.93219537,True
2,kilijo07,1,62,0.31445473,True
3,Epoc†,1,90,0.1715981,True
4,Epoc†,1,120,0.40109828,False
5,enpitsu,0,137,0.2517179,True
6,Epoc†,1,152,0.29534143,False
7,Epoc†,1,185,0.056418367,False
8,kilijo07,1,213,0.55259323,False
9,Epoc†,1,249,0.92505056,True
10,enpitsu,0,254,0.8080583,True
11,games5425898691,0,274,0.02574658,False
12,enpitsu,0,292,0.67500955,False
