,shot_taker_name,is_orange,time,xg,goal
0,games5425898691,0,21,0.43035647,True
1,games5425898691,0,57,0.75874126,True
2,kilijo07,1,62,0.2551753,True
3,Epoc†,1,90,0.17867278,True
4,Epoc†,1,120,0.49489483,False
5,enpitsu,0,137,0.243746,True
6,Epoc†,1,152,0.25385845,False
7,Epoc†,1,185,0.03429518,False
8,kilijo07,1,213,0.38147599,False
9,Epoc†,1,249,0.86352426,True
10,enpitsu,0,254,0.90719616,True
11,games5425898691,0,274,0.014594088,False
12,enpitsu,0,292,0.7275374,False
