,shot_taker_name,is_orange,time,xg,goal
0,games5425898691,0,21,0.45394415,True
1,games5425898691,0,57,0.9194586,True
2,kilijo07,1,62,0.5458012,True
3,Epoc†,1,90,0.18742101,True
4,Epoc†,1,120,0.6609995,False
5,enpitsu,0,137,0.08074248,True
6,Epoc†,1,152,0.31882858,False
7,Epoc†,1,185,0.048444025,False
8,kilijo07,1,213,0.6333249,False
9,Epoc†,1,249,0.96590906,True
10,enpitsu,0,254,0.9166397,True
11,games5425898691,0,274,0.050391167,False
12,enpitsu,0,292,0.7781664,False
