,shot_taker_name,is_orange,time,xg,goal
0,games5425898691,0,21,0.5654443,True
1,games5425898691,0,57,0.6772051,True
2,kilijo07,1,62,0.5178345,True
3,Epoc†,1,90,0.22821957,True
4,Epoc†,1,120,0.28388637,False
5,enpitsu,0,137,0.08593121,True
6,Epoc†,1,152,0.2887614,False
7,Epoc†,1,185,0.11013224,False
8,kilijo07,1,213,0.6590496,False
9,Epoc†,1,249,0.914507,True
10,enpitsu,0,254,0.8839852,True
11,games5425898691,0,274,0.019677863,False
12,enpitsu,0,292,0.7481063,False
