,shot_taker_name,is_orange,time,xg,goal
0,Bini1901,1,64,0.9628125,False
1,D4rKw1NgS,1,71,0.6751454,True
2,games5425898691,0,79,0.9040521,True
3,D4rKw1NgS,1,107,0.3403703,False
4,games5425898691,0,111,0.47917238,True
5,enpitsu,0,119,0.687501,True
6,enpitsu,0,187,0.53594494,True
7,games5425898691,0,194,0.74312043,True
