,shot_taker_name,is_orange,time,xg,goal
0,Bini1901,1,64,0.78234535,False
1,D4rKw1NgS,1,71,0.6940888,True
2,games5425898691,0,79,0.8964435,True
3,D4rKw1NgS,1,107,0.3698342,False
4,games5425898691,0,111,0.48210606,True
5,enpitsu,0,119,0.7718312,True
6,enpitsu,0,187,0.69854724,True
7,games5425898691,0,194,0.62024367,True
