,shot_taker_name,is_orange,time,xg,goal
0,Bini1901,1,64,0.8202704,False
1,D4rKw1NgS,1,71,0.6746352,True
2,games5425898691,0,79,0.7823741,True
3,D4rKw1NgS,1,107,0.21868677,False
4,games5425898691,0,111,0.3215907,True
5,enpitsu,0,119,0.77645206,True
6,enpitsu,0,187,0.78011364,True
7,games5425898691,0,194,0.68700296,True
