,shot_taker_name,is_orange,time,xg,goal
0,Bini1901,1,64,0.8005634,False
1,D4rKw1NgS,1,71,0.6800153,True
2,games5425898691,0,79,0.85943455,True
3,D4rKw1NgS,1,107,0.51916605,False
4,games5425898691,0,111,0.4136336,True
5,enpitsu,0,119,0.741824,True
6,enpitsu,0,187,0.73361623,True
7,games5425898691,0,194,0.6160448,True
