,shot_taker_name,is_orange,time,xg,goal
0,Bini1901,1,64,0.7350138,False
1,D4rKw1NgS,1,71,0.63821125,True
2,games5425898691,0,79,0.8148066,True
3,D4rKw1NgS,1,107,0.36820066,False
4,games5425898691,0,111,0.65877914,True
5,enpitsu,0,119,0.730984,True
6,enpitsu,0,187,0.840936,True
7,games5425898691,0,194,0.6263447,True
