,shot_taker_name,is_orange,time,xg,goal
0,Bini1901,1,64,0.7109179,False
1,D4rKw1NgS,1,71,0.7513533,True
2,games5425898691,0,79,0.92258644,True
3,D4rKw1NgS,1,107,0.5811538,False
4,games5425898691,0,111,0.5787382,True
5,enpitsu,0,119,0.6732649,True
6,enpitsu,0,187,0.6465814,True
7,games5425898691,0,194,0.7682073,True
