,shot_taker_name,is_orange,time,xg,goal
0,Bini1901,1,64,0.62076455,False
1,D4rKw1NgS,1,71,0.81503576,True
2,games5425898691,0,79,0.9731155,True
3,D4rKw1NgS,1,107,0.263081,False
4,games5425898691,0,111,0.6321827,True
5,enpitsu,0,119,0.699643,True
6,enpitsu,0,187,0.8823189,True
7,games5425898691,0,194,0.6696498,True
