,shot_taker_name,is_orange,time,xg,goal
0,Bini1901,1,64,0.73441994,False
1,D4rKw1NgS,1,71,0.7253904,True
2,games5425898691,0,79,0.83493924,True
3,D4rKw1NgS,1,107,0.3491843,False
4,games5425898691,0,111,0.4235206,True
5,enpitsu,0,119,0.90086895,True
6,enpitsu,0,187,0.763042,True
7,games5425898691,0,194,0.7738037,True
