,shot_taker_name,is_orange,time,xg,goal
0,games5425898691,1,32,0.33528328,False
1,Sotark_528,0,46,0.5093197,True
2,Foxy,0,60,0.5826548,False
3,enpitsu,1,141,0.75872505,True
4,games5425898691,1,149,0.63209563,False
5,enpitsu,1,174,0.13277704,False
6,enpitsu,1,200,0.6149169,True
7,Sotark_528,0,205,0.06262069,False
8,Foxy,0,240,0.038007755,False
9,Sotark_528,0,244,0.5540766,False
