,shot_taker_name,is_orange,time,xg,goal
0,games5425898691,1,32,0.27204606,False
1,Sotark_528,0,46,0.8220692,True
2,Foxy,0,60,0.5626244,False
3,enpitsu,1,141,0.785564,True
4,games5425898691,1,149,0.67383146,False
5,enpitsu,1,174,0.3044766,False
6,enpitsu,1,200,0.7969868,True
7,Sotark_528,0,205,0.019278917,False
8,Foxy,0,240,0.07271816,False
9,Sotark_528,0,244,0.42501467,False
