,shot_taker_name,is_orange,time,xg,goal
0,enpitsu,1,18,0.44782946,False
1,Genos ジェノス,0,37,0.87247944,False
2,games5425898691,1,109,0.7129102,True
3,games5425898691,1,127,0.75690114,True
4,Mehdiingue38,0,157,0.6062462,False
5,games5425898691,1,206,0.36390877,False
6,Genos ジェノス,0,232,0.010919139,False
7,Genos ジェノス,0,245,0.76768684,True
8,games5425898691,1,256,0.06745101,True
9,Genos ジェノス,0,257,0.0055084927,False
10,enpitsu,1,282,0.07917771,True
11,Mehdiingue38,0,283,0.0022496437,False
