,shot_taker_name,is_orange,time,xg,goal
0,enpitsu,1,18,0.71722925,False
1,Genos ジェノス,0,37,0.61471444,False
2,games5425898691,1,109,0.53611374,True
3,games5425898691,1,127,0.7187729,True
4,Mehdiingue38,0,157,0.59412163,False
5,games5425898691,1,206,0.2669511,False
6,Genos ジェノス,0,232,0.086643696,False
7,Genos ジェノス,0,245,0.6083038,True
8,games5425898691,1,256,0.034384064,True
9,Genos ジェノス,0,257,0.0068138083,False
10,enpitsu,1,282,0.0956284,True
11,Mehdiingue38,0,283,0.0073468457,False
