,shot_taker_name,is_orange,time,xg,goal
0,enpitsu,1,18,0.6091323,False
1,Genos ジェノス,0,37,0.5373648,False
2,games5425898691,1,109,0.41092777,True
3,games5425898691,1,127,0.49218002,True
4,Mehdiingue38,0,157,0.69219464,False
5,games5425898691,1,206,0.30447733,False
6,Genos ジェノス,0,232,0.097644165,False
7,Genos ジェノス,0,245,0.6944197,True
8,games5425898691,1,256,0.0866165,True
9,Genos ジェノス,0,257,0.0025368289,False
10,enpitsu,1,282,0.03472621,True
11,Mehdiingue38,0,283,0.003724965,False
