,shot_taker_name,is_orange,time,xg,goal
0,enpitsu,1,18,0.6984743,False
1,Genos ジェノス,0,37,0.33092123,False
2,games5425898691,1,109,0.31082264,True
3,games5425898691,1,127,0.53335756,True
4,Mehdiingue38,0,157,0.81867737,False
5,games5425898691,1,206,0.23839054,False
6,Genos ジェノス,0,232,0.042385943,False
7,Genos ジェノス,0,245,0.72269046,True
8,games5425898691,1,256,0.013272051,True
9,Genos ジェノス,0,257,0.002076958,False
10,enpitsu,1,282,0.250973,True
11,Mehdiingue38,0,283,0.004387864,False
