,shot_taker_name,is_orange,time,xg,goal
0,enpitsu,1,18,0.45717135,False
1,Genos ジェノス,0,37,0.3777838,False
2,games5425898691,1,109,0.5910367,True
3,games5425898691,1,127,0.61060965,True
4,Mehdiingue38,0,157,0.46881962,False
5,games5425898691,1,206,0.31510565,False
6,Genos ジェノス,0,232,0.2983294,False
7,Genos ジェノス,0,245,0.7631806,True
8,games5425898691,1,256,0.06160901,True
9,Genos ジェノス,0,257,0.00048445663,False
10,enpitsu,1,282,0.05628634,True
11,Mehdiingue38,0,283,0.0014389518,False
