,shot_taker_name,is_orange,time,xg,goal
0,enpitsu,1,18,0.4960482,False
1,Genos ジェノス,0,37,0.6409067,False
2,games5425898691,1,109,0.29304087,True
3,games5425898691,1,127,0.47822854,True
4,Mehdiingue38,0,157,0.48973557,False
5,games5425898691,1,206,0.23872197,False
6,Genos ジェノス,0,232,0.028138438,False
7,Genos ジェノス,0,245,0.46136183,True
8,games5425898691,1,256,0.045428533,True
9,Genos ジェノス,0,257,0.0038416078,False
10,enpitsu,1,282,0.10363134,True
11,Mehdiingue38,0,283,0.0065690894,False
