,shot_taker_name,is_orange,time,xg,goal
0,enpitsu,1,18,0.5276107,False
1,Genos ジェノス,0,37,0.5874058,False
2,games5425898691,1,109,0.4394568,True
3,games5425898691,1,127,0.7949108,True
4,Mehdiingue38,0,157,0.39362815,False
5,games5425898691,1,206,0.25010315,False
6,Genos ジェノス,0,232,0.13695349,False
7,Genos ジェノス,0,245,0.7588512,True
8,games5425898691,1,256,0.033014417,True
9,Genos ジェノス,0,257,0.002219467,False
10,enpitsu,1,282,0.13388492,True
11,Mehdiingue38,0,283,0.0010576909,False
