,shot_taker_name,is_orange,time,xg,goal
0,enpitsu,1,18,0.54500544,False
1,Genos ジェノス,0,37,0.6209964,False
2,games5425898691,1,109,0.39678627,True
3,games5425898691,1,127,0.43825173,True
4,Mehdiingue38,0,157,0.5546304,False
5,games5425898691,1,206,0.32850805,False
6,Genos ジェノス,0,232,0.04177033,False
7,Genos ジェノス,0,245,0.82113457,True
8,games5425898691,1,256,0.098620735,True
9,Genos ジェノス,0,257,0.0023899386,False
10,enpitsu,1,282,0.06411972,True
11,Mehdiingue38,0,283,0.0012949365,False
