,shot_taker_name,is_orange,time,xg,goal
0,JustZyx1,1,85,0.7020915,True
1,games5425898691,0,87,0.0033098622,False
2,games5425898691,0,127,0.6556919,True
3,games5425898691,0,147,0.67830604,True
4,D01H,1,152,0.06635975,False
5,games5425898691,0,183,0.09267765,False
6,enpitsu,0,214,0.75161815,True
7,D01H,1,234,0.07309591,False
8,JustZyx1,1,252,0.45619854,True
9,enpitsu,0,254,0.012397416,False
10,enpitsu,0,265,0.28948146,True
11,games5425898691,0,267,0.0060707657,False
