,shot_taker_name,is_orange,time,xg,goal
0,JustZyx1,1,85,0.63596785,True
1,games5425898691,0,87,0.0073409434,False
2,games5425898691,0,127,0.49669358,True
3,games5425898691,0,147,0.47532016,True
4,D01H,1,152,0.0072762673,False
5,games5425898691,0,183,0.082257,False
6,enpitsu,0,214,0.7578885,True
7,D01H,1,234,0.04610965,False
8,JustZyx1,1,252,0.40859812,True
9,enpitsu,0,254,0.007947913,False
10,enpitsu,0,265,0.2532574,True
11,games5425898691,0,267,0.0024852327,False
