,shot_taker_name,is_orange,time,xg,goal
0,JustZyx1,1,85,0.59363765,True
1,games5425898691,0,87,0.0012035066,False
2,games5425898691,0,127,0.48373112,True
3,games5425898691,0,147,0.30385703,True
4,D01H,1,152,0.16880983,False
5,games5425898691,0,183,0.08678696,False
6,enpitsu,0,214,0.9333326,True
7,D01H,1,234,0.030102873,False
8,JustZyx1,1,252,0.39243466,True
9,enpitsu,0,254,0.0025968775,False
10,enpitsu,0,265,0.08018293,True
11,games5425898691,0,267,0.010834693,False
