,shot_taker_name,is_orange,time,xg,goal
0,JustZyx1,1,85,0.68086135,True
1,games5425898691,0,87,0.0064524724,False
2,games5425898691,0,127,0.70213956,True
3,games5425898691,0,147,0.7882582,True
4,D01H,1,152,0.06624091,False
5,games5425898691,0,183,0.11149802,False
6,enpitsu,0,214,0.6373231,True
7,D01H,1,234,0.070591316,False
8,JustZyx1,1,252,0.5714619,True
9,enpitsu,0,254,0.0095996,False
10,enpitsu,0,265,0.1825497,True
11,games5425898691,0,267,0.0059131677,False
