,shot_taker_name,is_orange,time,xg,goal
0,JustZyx1,1,85,0.6366337,True
1,games5425898691,0,87,0.0010054867,False
2,games5425898691,0,127,0.358485,True
3,games5425898691,0,147,0.5476087,True
4,D01H,1,152,0.021332327,False
5,games5425898691,0,183,0.025119005,False
6,enpitsu,0,214,0.69696635,True
7,D01H,1,234,0.011256405,False
8,JustZyx1,1,252,0.15662973,True
9,enpitsu,0,254,0.0022851394,False
10,enpitsu,0,265,0.44864255,True
11,games5425898691,0,267,0.0074401987,False
