,shot_taker_name,is_orange,time,xg,goal
0,JustZyx1,1,85,0.66378784,True
1,games5425898691,0,87,0.002725706,False
2,games5425898691,0,127,0.54924536,True
3,games5425898691,0,147,0.4524111,True
4,D01H,1,152,0.08965636,False
5,games5425898691,0,183,0.042671718,False
6,enpitsu,0,214,0.79341346,True
7,D01H,1,234,0.034682877,False
8,JustZyx1,1,252,0.18887469,True
9,enpitsu,0,254,0.0011509577,False
10,enpitsu,0,265,0.15894027,True
11,games5425898691,0,267,0.0052827443,False
