,shot_taker_name,is_orange,time,xg,goal
0,JustZyx1,1,85,0.622439,True
1,games5425898691,0,87,0.001168945,False
2,games5425898691,0,127,0.493933,True
3,games5425898691,0,147,0.60600966,True
4,D01H,1,152,0.11110586,False
5,games5425898691,0,183,0.06552373,False
6,enpitsu,0,214,0.5903504,True
7,D01H,1,234,0.051174957,False
8,JustZyx1,1,252,0.53138036,True
9,enpitsu,0,254,0.0063554742,False
10,enpitsu,0,265,0.385456,True
11,games5425898691,0,267,0.00914707,False
