,shot_taker_name,is_orange,time,xg,goal
0,JustZyx1,1,85,0.7227102,True
1,games5425898691,0,87,0.0007742971,False
2,games5425898691,0,127,0.35406834,True
3,games5425898691,0,147,0.64647055,True
4,D01H,1,152,0.06070076,False
5,games5425898691,0,183,0.079510674,False
6,enpitsu,0,214,0.7368628,True
7,D01H,1,234,0.0531838,False
8,JustZyx1,1,252,0.49120975,True
9,enpitsu,0,254,0.0031301752,False
10,enpitsu,0,265,0.22350863,True
11,games5425898691,0,267,0.0037323781,False
