,shot_taker_name,is_orange,time,xg,goal
0,games5425898691,1,36,0.7661045,True
1,Uiiiiiii-Guck-Ma,0,161,0.04347661,False
2,enpitsu,1,168,0.17753279,True
3,games5425898691,1,171,0.06179127,True
4,enpitsu,1,221,0.3077534,False
5,games5425898691,1,261,0.18294777,True
