,shot_taker_name,is_orange,time,xg,goal
0,games5425898691,1,36,0.8570976,True
1,Uiiiiiii-Guck-Ma,0,161,0.05301446,False
2,enpitsu,1,168,0.2752375,True
3,games5425898691,1,171,0.24011776,True
4,enpitsu,1,221,0.04334699,False
5,games5425898691,1,261,0.2731715,True
