,shot_taker_name,is_orange,time,xg,goal
0,games5425898691,1,36,0.79687643,True
1,Uiiiiiii-Guck-Ma,0,161,0.016032381,False
2,enpitsu,1,168,0.055639382,True
3,games5425898691,1,171,0.08908062,True
4,enpitsu,1,221,0.53122956,False
5,games5425898691,1,261,0.2757372,True
