,shot_taker_name,is_orange,time,xg,goal
0,games5425898691,1,36,0.7117581,True
1,Uiiiiiii-Guck-Ma,0,161,0.12544845,False
2,enpitsu,1,168,0.13489673,True
3,games5425898691,1,171,0.08240471,True
4,enpitsu,1,221,0.027159968,False
5,games5425898691,1,261,0.43161675,True
