,shot_taker_name,is_orange,time,xg,goal
0,games5425898691,1,36,0.6970822,True
1,Uiiiiiii-Guck-Ma,0,161,0.03249171,False
2,enpitsu,1,168,0.2934693,True
3,games5425898691,1,171,0.019917835,True
4,enpitsu,1,221,0.24911657,False
5,games5425898691,1,261,0.49121958,True
