,shot_taker_name,is_orange,time,xg,goal
0,games5425898691,1,36,0.84499276,True
1,Uiiiiiii-Guck-Ma,0,161,0.07301063,False
2,enpitsu,1,168,0.12183456,True
3,games5425898691,1,171,0.047785357,True
4,enpitsu,1,221,0.10829174,False
5,games5425898691,1,261,0.2609404,True
