,shot_taker_name,is_orange,time,xg,goal
0,games5425898691,1,36,0.6354274,True
1,Uiiiiiii-Guck-Ma,0,161,0.013836002,False
2,enpitsu,1,168,0.2792784,True
3,games5425898691,1,171,0.025411827,True
4,enpitsu,1,221,0.13935134,False
5,games5425898691,1,261,0.33811057,True
