,shot_taker_name,is_orange,time,xg,goal
0,games5425898691,1,36,0.77397484,True
1,Uiiiiiii-Guck-Ma,0,161,0.049202155,False
2,enpitsu,1,168,0.26843262,True
3,games5425898691,1,171,0.06890554,True
4,enpitsu,1,221,0.08026034,False
5,games5425898691,1,261,0.16561647,True
