,shot_taker_name,is_orange,time,xg,goal
0,enpitsu,0,10,0.46574113,False
1,games5425898691,0,13,0.9231725,True
2,enpitsu,0,13,0.0676603,False
3,games5425898691,0,39,0.77269787,True
4,Rudrick,1,49,0.72049844,False
5,games5425898691,0,61,0.3812293,False
6,Purpy B,1,69,0.10837411,False
7,Rudrick,1,129,0.49220064,False
8,Purpy B,1,154,0.029767418,False
9,enpitsu,0,162,0.66404545,True
