,shot_taker_name,is_orange,time,xg,goal
0,enpitsu,0,10,0.32816276,False
1,games5425898691,0,13,0.94054973,True
2,enpitsu,0,13,0.11463746,False
3,games5425898691,0,39,0.7867389,True
4,Rudrick,1,49,0.62630075,False
5,games5425898691,0,61,0.3394113,False
6,Purpy B,1,69,0.08086027,False
7,Rudrick,1,129,0.39693537,False
8,Purpy B,1,154,0.08745252,False
9,enpitsu,0,162,0.8739499,True
