,shot_taker_name,is_orange,time,xg,goal
0,enpitsu,0,10,0.18182787,False
1,games5425898691,0,13,0.983185,True
2,enpitsu,0,13,0.0036912395,False
3,games5425898691,0,39,0.8950375,True
4,Rudrick,1,49,0.6924101,False
5,games5425898691,0,61,0.09017093,False
6,Purpy B,1,69,0.1303511,False
7,Rudrick,1,129,0.31707257,False
8,Purpy B,1,154,0.034103967,False
9,enpitsu,0,162,0.9428022,True
