,shot_taker_name,is_orange,time,xg,goal
0,enpitsu,0,10,0.2824649,False
1,games5425898691,0,13,0.9823887,True
2,enpitsu,0,13,0.015781842,False
3,games5425898691,0,39,0.8544875,True
4,Rudrick,1,49,0.5800295,False
5,games5425898691,0,61,0.32450202,False
6,Purpy B,1,69,0.16627766,False
7,Rudrick,1,129,0.5528236,False
8,Purpy B,1,154,0.04356942,False
9,enpitsu,0,162,0.7907226,True
