,shot_taker_name,is_orange,time,xg,goal
0,enpitsu,0,10,0.43474948,False
1,games5425898691,0,13,0.93835115,True
2,enpitsu,0,13,0.030400021,False
3,games5425898691,0,39,0.8356168,True
4,Rudrick,1,49,0.7446008,False
5,games5425898691,0,61,0.37292874,False
6,Purpy B,1,69,0.10650493,False
7,Rudrick,1,129,0.5886909,False
8,Purpy B,1,154,0.017223267,False
9,enpitsu,0,162,0.7764202,True
