,shot_taker_name,is_orange,time,xg,goal
0,enpitsu,0,10,0.2685518,False
1,games5425898691,0,13,0.9861266,True
2,enpitsu,0,13,0.0078272605,False
3,games5425898691,0,39,0.7271828,True
4,Rudrick,1,49,0.6744809,False
5,games5425898691,0,61,0.30745083,False
6,Purpy B,1,69,0.18892874,False
7,Rudrick,1,129,0.43175554,False
8,Purpy B,1,154,0.026653428,False
9,enpitsu,0,162,0.76659274,True
