,shot_taker_name,is_orange,time,xg,goal
0,enpitsu,0,10,0.68005866,False
1,games5425898691,0,13,0.9063152,True
2,enpitsu,0,13,0.042425383,False
3,games5425898691,0,39,0.85927546,True
4,Rudrick,1,49,0.6614434,False
5,games5425898691,0,61,0.26628143,False
6,Purpy B,1,69,0.032646235,False
7,Rudrick,1,129,0.50206214,False
8,Purpy B,1,154,0.043698113,False
9,enpitsu,0,162,0.6374978,True
