,shot_taker_name,is_orange,time,xg,goal
0,enpitsu,0,10,0.21025841,False
1,games5425898691,0,13,0.97944367,True
2,enpitsu,0,13,0.0052368115,False
3,games5425898691,0,39,0.7275335,True
4,Rudrick,1,49,0.7726517,False
5,games5425898691,0,61,0.50731415,False
6,Purpy B,1,69,0.10218771,False
7,Rudrick,1,129,0.52825475,False
8,Purpy B,1,154,0.055292744,False
9,enpitsu,0,162,0.38962632,True
