,shot_taker_name,is_orange,time,xg,goal
0,xxMosesTPD69xx,1,35,0.17171729,False
1,xxMosesTPD69xx,1,82,0.16099562,False
2,games5425898691,0,91,0.38698295,True
3,Arkeo,1,110,0.43092623,True
4,games5425898691,0,204,0.97845185,True
5,Arkeo,1,229,0.5158244,True
6,enpitsu,0,254,0.81737566,True
7,enpitsu,0,275,0.7193057,True
