,shot_taker_name,is_orange,time,xg,goal
0,xxMosesTPD69xx,1,35,0.13392167,False
1,xxMosesTPD69xx,1,82,0.29781184,False
2,games5425898691,0,91,0.266921,True
3,Arkeo,1,110,0.5727899,True
4,games5425898691,0,204,0.9642714,True
5,Arkeo,1,229,0.47903675,True
6,enpitsu,0,254,0.7806957,True
7,enpitsu,0,275,0.6446733,True
