,shot_taker_name,is_orange,time,xg,goal
0,xxMosesTPD69xx,1,35,0.19446473,False
1,xxMosesTPD69xx,1,82,0.46531036,False
2,games5425898691,0,91,0.24952562,True
3,Arkeo,1,110,0.36639002,True
4,games5425898691,0,204,0.9501279,True
5,Arkeo,1,229,0.43006384,True
6,enpitsu,0,254,0.7871116,True
7,enpitsu,0,275,0.55445004,True
