,shot_taker_name,is_orange,time,xg,goal
0,xxMosesTPD69xx,1,35,0.15042238,False
1,xxMosesTPD69xx,1,82,0.4322173,False
2,games5425898691,0,91,0.18313381,True
3,Arkeo,1,110,0.38164756,True
4,games5425898691,0,204,0.9351421,True
5,Arkeo,1,229,0.6445661,True
6,enpitsu,0,254,0.57890147,True
7,enpitsu,0,275,0.44391036,True
