,shot_taker_name,is_orange,time,xg,goal
0,xxMosesTPD69xx,1,35,0.1992012,False
1,xxMosesTPD69xx,1,82,0.36175033,False
2,games5425898691,0,91,0.2745888,True
3,Arkeo,1,110,0.80127877,True
4,games5425898691,0,204,0.96988475,True
5,Arkeo,1,229,0.5788892,True
6,enpitsu,0,254,0.76612157,True
7,enpitsu,0,275,0.5978753,True
