,shot_taker_name,is_orange,time,xg,goal
0,xxMosesTPD69xx,1,35,0.17323269,False
1,xxMosesTPD69xx,1,82,0.13367175,False
2,games5425898691,0,91,0.11393856,True
3,Arkeo,1,110,0.7010547,True
4,games5425898691,0,204,0.9837706,True
5,Arkeo,1,229,0.52020586,True
6,enpitsu,0,254,0.8935109,True
7,enpitsu,0,275,0.47863927,True
