,shot_taker_name,is_orange,time,xg,goal
0,xxMosesTPD69xx,1,35,0.17627528,False
1,xxMosesTPD69xx,1,82,0.3627615,False
2,games5425898691,0,91,0.29991803,True
3,Arkeo,1,110,0.60174805,True
4,games5425898691,0,204,0.96021706,True
5,Arkeo,1,229,0.61125004,True
6,enpitsu,0,254,0.875495,True
7,enpitsu,0,275,0.6666655,True
