,shot_taker_name,is_orange,time,xg,goal
0,MiXiS_Kazuma,1,10,0.27017176,True
1,games5425898691,0,45,0.6425723,True
2,games5425898691,0,56,0.12346917,True
3,enpitsu,0,86,0.88199365,True
4,games5425898691,0,110,0.35935465,False
5,games5425898691,0,163,0.87042654,True
6,enpitsu,0,215,0.030176906,False
