,shot_taker_name,is_orange,time,xg,goal
0,MiXiS_Kazuma,1,10,0.26280186,True
1,games5425898691,0,45,0.8062509,True
2,games5425898691,0,56,0.09577769,True
3,enpitsu,0,86,0.73895913,True
4,games5425898691,0,110,0.22142509,False
5,games5425898691,0,163,0.8690855,True
6,enpitsu,0,215,0.0755777,False
