,shot_taker_name,is_orange,time,xg,goal
0,MiXiS_Kazuma,1,10,0.28781772,True
1,games5425898691,0,45,0.78751564,True
2,games5425898691,0,56,0.1318563,True
3,enpitsu,0,86,0.81876457,True
4,games5425898691,0,110,0.2076864,False
5,games5425898691,0,163,0.8954238,True
6,enpitsu,0,215,0.045102824,False
