,shot_taker_name,is_orange,time,xg,goal
0,games5425898691,1,0.0,0.009240431,False
1,games5425898691,1,12.0,0.20376272,False
2,enpitsu,1,106.0,0.36052027,False
3,ellcryse29,0,178.0,0.31966466,True
4,games5425898691,1,185.0,0.5903526,False
5,games5425898691,1,185.0,0.948119,True
6,games5425898691,1,194.0,0.18651916,False
7,enpitsu,1,199.0,0.5852891,False
8,STR_Valevlk,0,242.0,0.25981402,False
9,ellcryse29,0,244.0,0.31056288,False
10,enpitsu,1,357.0,0.07032213,True
