,shot_taker_name,is_orange,time,xg,goal
0,games5425898691,1,0.0,0.0126590775,False
1,games5425898691,1,12.0,0.30423146,False
2,enpitsu,1,106.0,0.3225399,False
3,ellcryse29,0,178.0,0.35754055,True
4,games5425898691,1,185.0,0.25797,False
5,games5425898691,1,185.0,0.8792314,True
6,games5425898691,1,194.0,0.20915204,False
7,enpitsu,1,199.0,0.7032219,False
8,STR_Valevlk,0,242.0,0.20707266,False
9,ellcryse29,0,244.0,0.35945696,False
10,enpitsu,1,357.0,0.04684481,True
