,shot_taker_name,is_orange,time,xg,goal
0,games5425898691,1,0.0,0.0053071757,False
1,games5425898691,1,12.0,0.20035222,False
2,enpitsu,1,106.0,0.45746374,False
3,ellcryse29,0,178.0,0.2242431,True
4,games5425898691,1,185.0,0.13449055,False
5,games5425898691,1,185.0,0.9062329,True
6,games5425898691,1,194.0,0.09990912,False
7,enpitsu,1,199.0,0.70848346,False
8,STR_Valevlk,0,242.0,0.2013592,False
9,ellcryse29,0,244.0,0.2542921,False
10,enpitsu,1,357.0,0.10125453,True
