,shot_taker_name,is_orange,time,xg,goal
0,games5425898691,1,0.0,0.02044919,False
1,games5425898691,1,12.0,0.14414853,False
2,enpitsu,1,106.0,0.34172273,False
3,ellcryse29,0,178.0,0.31495005,True
4,games5425898691,1,185.0,0.41047013,False
5,games5425898691,1,185.0,0.93155015,True
6,games5425898691,1,194.0,0.16090634,False
7,enpitsu,1,199.0,0.4922987,False
8,STR_Valevlk,0,242.0,0.116271354,False
9,ellcryse29,0,244.0,0.25037706,False
10,enpitsu,1,357.0,0.06846087,True
