,shot_taker_name,is_orange,time,xg,goal
0,games5425898691,1,0.0,0.027444843,False
1,games5425898691,1,12.0,0.287524,False
2,enpitsu,1,106.0,0.24929632,False
3,ellcryse29,0,178.0,0.28990182,True
4,games5425898691,1,185.0,0.3675839,False
5,games5425898691,1,185.0,0.95684505,True
6,games5425898691,1,194.0,0.13855872,False
7,enpitsu,1,199.0,0.52790964,False
8,STR_Valevlk,0,242.0,0.18470657,False
9,ellcryse29,0,244.0,0.41259104,False
10,enpitsu,1,357.0,0.1136153,True
