,shot_taker_name,is_orange,time,xg,goal
0,games5425898691,1,0.0,0.0035718528,False
1,games5425898691,1,12.0,0.4064464,False
2,enpitsu,1,106.0,0.39984003,False
3,ellcryse29,0,178.0,0.12986466,True
4,games5425898691,1,185.0,0.29466155,False
5,games5425898691,1,185.0,0.96405476,True
6,games5425898691,1,194.0,0.02785969,False
7,enpitsu,1,199.0,0.13620473,False
8,STR_Valevlk,0,242.0,0.21733753,False
9,ellcryse29,0,244.0,0.4214137,False
10,enpitsu,1,357.0,0.6978525,True
