,shot_taker_name,is_orange,time,xg,goal
0,ToufToufTTV,0,15.0,0.24523169,True
1,games5425898691,1,15.0,0.065851636,False
2,enpitsu,1,148.0,0.4159991,False
3,games5425898691,1,150.0,0.56127393,False
4,games5425898691,1,178.0,0.58580756,False
5,ToufToufTTV,0,194.0,0.22455363,False
6,enpitsu,1,207.0,0.44775903,False
7,enpitsu,1,243.0,0.28694823,False
8,enpitsu,1,284.0,0.23509882,False
9,KAFEKEIS,0,323.0,0.40704986,False
10,enpitsu,1,350.0,0.46490663,True
