,shot_taker_name,is_orange,time,xg,goal
0,ToufToufTTV,0,15.0,0.4071427,True
1,games5425898691,1,15.0,0.06279442,False
2,enpitsu,1,148.0,0.75378525,False
3,games5425898691,1,150.0,0.54794496,False
4,games5425898691,1,178.0,0.63335276,False
5,ToufToufTTV,0,194.0,0.27939537,False
6,enpitsu,1,207.0,0.35026374,False
7,enpitsu,1,243.0,0.28014258,False
8,enpitsu,1,284.0,0.11355384,False
9,KAFEKEIS,0,323.0,0.74109495,False
10,enpitsu,1,350.0,0.29609302,True
