,shot_taker_name,is_orange,time,xg,goal
0,enpitsu,1,5.0,0.64660525,True
1,games5425898691,1,24.0,0.84002036,True
2,enpitsu,1,43.0,0.6055522,False
3,enpitsu,1,43.0,0.6020462,False
4,Amarneh-_-YT,0,140.0,0.2702381,False
5,enpitsu,1,155.0,0.40340877,False
6,Ehab3105,0,185.0,0.11778632,True
7,Ehab3105,0,193.0,0.3326756,True
8,games5425898691,1,249.0,0.10742826,False
