,shot_taker_name,is_orange,time,xg,goal
0,enpitsu,1,5.0,0.64530224,True
1,games5425898691,1,24.0,0.7955498,True
2,enpitsu,1,43.0,0.5771095,False
3,enpitsu,1,43.0,0.6006284,False
4,Amarneh-_-YT,0,140.0,0.14582175,False
5,enpitsu,1,155.0,0.57434636,False
6,Ehab3105,0,185.0,0.067409225,True
7,Ehab3105,0,193.0,0.20431471,True
8,games5425898691,1,249.0,0.1216592,False
