,shot_taker_name,is_orange,time,xg,goal
0,enpitsu,1,5.0,0.3608954,True
1,games5425898691,1,24.0,0.76716036,True
2,enpitsu,1,43.0,0.5081718,False
3,enpitsu,1,43.0,0.6991638,False
4,Amarneh-_-YT,0,140.0,0.3383132,False
5,enpitsu,1,155.0,0.37029353,False
6,Ehab3105,0,185.0,0.22880657,True
7,Ehab3105,0,193.0,0.11685287,True
8,games5425898691,1,249.0,0.12619089,False
