,shot_taker_name,is_orange,time,xg,goal
0,enpitsu,1,5.0,0.77446127,True
1,games5425898691,1,24.0,0.7299904,True
2,enpitsu,1,43.0,0.51519406,False
3,enpitsu,1,43.0,0.3980527,False
4,Amarneh-_-YT,0,140.0,0.3033454,False
5,enpitsu,1,155.0,0.7327816,False
6,Ehab3105,0,185.0,0.08183484,True
7,Ehab3105,0,193.0,0.25608125,True
8,games5425898691,1,249.0,0.04504478,False
