,shot_taker_name,is_orange,time,xg,goal
0,enpitsu,1,5.0,0.34658358,True
1,games5425898691,1,24.0,0.839994,True
2,enpitsu,1,43.0,0.26812693,False
3,enpitsu,1,43.0,0.5417412,False
4,Amarneh-_-YT,0,140.0,0.28159958,False
5,enpitsu,1,155.0,0.45228657,False
6,Ehab3105,0,185.0,0.13609901,True
7,Ehab3105,0,193.0,0.2951484,True
8,games5425898691,1,249.0,0.20940506,False
