,shot_taker_name,is_orange,time,xg,goal
0,enpitsu,1,5.0,0.70600635,True
1,games5425898691,1,24.0,0.5105572,True
2,enpitsu,1,43.0,0.22717899,False
3,enpitsu,1,43.0,0.39403167,False
4,Amarneh-_-YT,0,140.0,0.29392302,False
5,enpitsu,1,155.0,0.23844726,False
6,Ehab3105,0,185.0,0.030544933,True
7,Ehab3105,0,193.0,0.53360724,True
8,games5425898691,1,249.0,0.02684954,False
