,shot_taker_name,is_orange,time,xg,goal
0,enpitsu,1,5.0,0.4774695,True
1,games5425898691,1,24.0,0.8351603,True
2,enpitsu,1,43.0,0.4067268,False
3,enpitsu,1,43.0,0.6364307,False
4,Amarneh-_-YT,0,140.0,0.29479888,False
5,enpitsu,1,155.0,0.45425978,False
6,Ehab3105,0,185.0,0.24140024,True
7,Ehab3105,0,193.0,0.2937638,True
8,games5425898691,1,249.0,0.13060288,False
