,shot_taker_name,is_orange,time,xg,goal
0,enpitsu,1,5.0,0.51558566,True
1,games5425898691,1,24.0,0.8341686,True
2,enpitsu,1,43.0,0.42501673,False
3,enpitsu,1,43.0,0.61071664,False
4,Amarneh-_-YT,0,140.0,0.3275508,False
5,enpitsu,1,155.0,0.33032468,False
6,Ehab3105,0,185.0,0.11309186,True
7,Ehab3105,0,193.0,0.12517004,True
8,games5425898691,1,249.0,0.10006432,False
