,shot_taker_name,is_orange,time,xg,goal
0,vMopX_,1,21,0.013782499,False
1,enpitsu,0,44,0.92734826,True
2,vMopX_,1,121,0.74156,True
3,vMopX_,1,149,0.9422942,True
4,vMopX_,1,154,0.24304649,False
5,vMopX_,1,200,0.121324316,False
6,games5425898691,0,232,0.03347901,False
7,games5425898691,0,244,0.18933845,True
8,vMopX_,1,285,0.0071564703,False
9,Lakichtadu75,1,307,0.24827918,True
