,shot_taker_name,is_orange,time,xg,goal
0,vMopX_,1,21,0.022456562,False
1,enpitsu,0,44,0.81721044,True
2,vMopX_,1,121,0.68479866,True
3,vMopX_,1,149,0.69629085,True
4,vMopX_,1,154,0.07771574,False
5,vMopX_,1,200,0.2181242,False
6,games5425898691,0,232,0.123715736,False
7,games5425898691,0,244,0.16063261,True
8,vMopX_,1,285,0.03904008,False
9,Lakichtadu75,1,307,0.28297618,True
