,shot_taker_name,is_orange,time,xg,goal
0,vMopX_,1,21,0.02035365,False
1,enpitsu,0,44,0.6915099,True
2,vMopX_,1,121,0.5096381,True
3,vMopX_,1,149,0.7402229,True
4,vMopX_,1,154,0.20862092,False
5,vMopX_,1,200,0.2669458,False
6,games5425898691,0,232,0.16757475,False
7,games5425898691,0,244,0.409313,True
8,vMopX_,1,285,0.011886442,False
9,Lakichtadu75,1,307,0.7245848,True
