,shot_taker_name,is_orange,time,xg,goal
0,vMopX_,1,21,0.01686908,False
1,enpitsu,0,44,0.77229476,True
2,vMopX_,1,121,0.4204901,True
3,vMopX_,1,149,0.8196551,True
4,vMopX_,1,154,0.06990296,False
5,vMopX_,1,200,0.17012684,False
6,games5425898691,0,232,0.2819176,False
7,games5425898691,0,244,0.38104057,True
8,vMopX_,1,285,0.029536506,False
9,Lakichtadu75,1,307,0.7342926,True
