,shot_taker_name,is_orange,time,xg,goal
0,vMopX_,1,21,0.036640894,False
1,enpitsu,0,44,0.8177119,True
2,vMopX_,1,121,0.2435868,True
3,vMopX_,1,149,0.9045002,True
4,vMopX_,1,154,0.013394052,False
5,vMopX_,1,200,0.19939989,False
6,games5425898691,0,232,0.05838267,False
7,games5425898691,0,244,0.5066938,True
8,vMopX_,1,285,0.021847416,False
9,Lakichtadu75,1,307,0.28208515,True
