,shot_taker_name,is_orange,time,xg,goal
0,vMopX_,1,21,0.028191349,False
1,enpitsu,0,44,0.73991036,True
2,vMopX_,1,121,0.4640575,True
3,vMopX_,1,149,0.84291464,True
4,vMopX_,1,154,0.20054366,False
5,vMopX_,1,200,0.49933624,False
6,games5425898691,0,232,0.26442182,False
7,games5425898691,0,244,0.29786256,True
8,vMopX_,1,285,0.029400256,False
9,Lakichtadu75,1,307,0.5973497,True
