,shot_taker_name,is_orange,time,xg,goal
0,vMopX_,1,21,0.036260393,False
1,enpitsu,0,44,0.9111975,True
2,vMopX_,1,121,0.71996653,True
3,vMopX_,1,149,0.8746584,True
4,vMopX_,1,154,0.10031357,False
5,vMopX_,1,200,0.2946915,False
6,games5425898691,0,232,0.078051224,False
7,games5425898691,0,244,0.71177715,True
8,vMopX_,1,285,0.019684276,False
9,Lakichtadu75,1,307,0.5695194,True
