,shot_taker_name,is_orange,time,xg,goal
0,vMopX_,1,21,0.03072717,False
1,enpitsu,0,44,0.6671616,True
2,vMopX_,1,121,0.3950261,True
3,vMopX_,1,149,0.8601796,True
4,vMopX_,1,154,0.03975281,False
5,vMopX_,1,200,0.18998417,False
6,games5425898691,0,232,0.13651167,False
7,games5425898691,0,244,0.5936189,True
8,vMopX_,1,285,0.058349572,False
9,Lakichtadu75,1,307,0.66102934,True
