,shot_taker_name,is_orange,time,xg,goal
0,games5425898691,0,16,0.83224845,True
1,enpitsu,0,49,0.4421156,True
2,games5425898691,0,61,0.27995583,True
3,enpitsu,0,79,0.17884992,False
4,enpitsu,0,80,0.05975285,False
5,enpitsu,0,80,0.23340127,False
6,enpitsu,0,80,0.4273708,False
