,shot_taker_name,is_orange,time,xg,goal
0,games5425898691,0,16,0.7513835,True
1,enpitsu,0,49,0.09434914,True
2,games5425898691,0,61,0.3838821,True
3,enpitsu,0,79,0.14496087,False
4,enpitsu,0,80,0.09318128,False
5,enpitsu,0,80,0.25503317,False
6,enpitsu,0,80,0.2738728,False
