,shot_taker_name,is_orange,time,xg,goal
0,enpitsu,1,38.0,0.30403644,False
1,games5425898691,1,41.0,0.22958907,True
2,DAIIIN_BRUDDA,0,99.0,0.042915367,False
3,games5425898691,1,112.0,0.0030044387,False
4,games5425898691,1,195.0,0.3768581,False
5,xGoDPlaYer_HD,0,273.0,0.6260653,True
6,games5425898691,1,283.0,0.61599636,True
7,DAIIIN_BRUDDA,0,290.0,0.044004906,True
8,DAIIIN_BRUDDA,0,315.0,0.7903418,False
9,games5425898691,1,332.0,0.8792021,True
