,shot_taker_name,is_orange,time,xg,goal
0,enpitsu,1,38.0,0.0459877,False
1,games5425898691,1,41.0,0.093084306,True
2,DAIIIN_BRUDDA,0,99.0,0.040449046,False
3,games5425898691,1,112.0,0.039301936,False
4,games5425898691,1,195.0,0.16287789,False
5,xGoDPlaYer_HD,0,273.0,0.6742374,True
6,games5425898691,1,283.0,0.28678486,True
7,DAIIIN_BRUDDA,0,290.0,0.04238028,True
8,DAIIIN_BRUDDA,0,315.0,0.51303715,False
9,games5425898691,1,332.0,0.9093821,True
