,shot_taker_name,is_orange,time,xg,goal
0,enpitsu,1,38.0,0.1634303,False
1,games5425898691,1,41.0,0.21193475,True
2,DAIIIN_BRUDDA,0,99.0,0.034177374,False
3,games5425898691,1,112.0,0.17184234,False
4,games5425898691,1,195.0,0.609074,False
5,xGoDPlaYer_HD,0,273.0,0.45608667,True
6,games5425898691,1,283.0,0.10074174,True
7,DAIIIN_BRUDDA,0,290.0,0.1578045,True
8,DAIIIN_BRUDDA,0,315.0,0.21219122,False
9,games5425898691,1,332.0,0.9154699,True
