,shot_taker_name,is_orange,time,xg,goal
0,enpitsu,1,38.0,0.3208629,False
1,games5425898691,1,41.0,0.21440771,True
2,DAIIIN_BRUDDA,0,99.0,0.07411799,False
3,games5425898691,1,112.0,0.006329081,False
4,games5425898691,1,195.0,0.4874295,False
5,xGoDPlaYer_HD,0,273.0,0.42684305,True
6,games5425898691,1,283.0,0.23562692,True
7,DAIIIN_BRUDDA,0,290.0,0.16437054,True
8,DAIIIN_BRUDDA,0,315.0,0.17360789,False
9,games5425898691,1,332.0,0.75027305,True
