,shot_taker_name,is_orange,time,xg,goal
0,enpitsu,1,38.0,0.47117764,False
1,games5425898691,1,41.0,0.25833917,True
2,DAIIIN_BRUDDA,0,99.0,0.0315992,False
3,games5425898691,1,112.0,0.0076493155,False
4,games5425898691,1,195.0,0.7456474,False
5,xGoDPlaYer_HD,0,273.0,0.557597,True
6,games5425898691,1,283.0,0.214059,True
7,DAIIIN_BRUDDA,0,290.0,0.10917465,True
8,DAIIIN_BRUDDA,0,315.0,0.3128348,False
9,games5425898691,1,332.0,0.9177677,True
