,shot_taker_name,is_orange,time,xg,goal
0,enpitsu,1,38.0,0.17229006,False
1,games5425898691,1,41.0,0.25453934,True
2,DAIIIN_BRUDDA,0,99.0,0.033145003,False
3,games5425898691,1,112.0,0.043582287,False
4,games5425898691,1,195.0,0.4543711,False
5,xGoDPlaYer_HD,0,273.0,0.44467816,True
6,games5425898691,1,283.0,0.1894387,True
7,DAIIIN_BRUDDA,0,290.0,0.1278977,True
8,DAIIIN_BRUDDA,0,315.0,0.2687983,False
9,games5425898691,1,332.0,0.82504845,True
