,shot_taker_name,is_orange,time,xg,goal
0,enpitsu,1,38.0,0.14820467,False
1,games5425898691,1,41.0,0.27277777,True
2,DAIIIN_BRUDDA,0,99.0,0.10509381,False
3,games5425898691,1,112.0,0.13317554,False
4,games5425898691,1,195.0,0.29108474,False
5,xGoDPlaYer_HD,0,273.0,0.5071932,True
6,games5425898691,1,283.0,0.0979448,True
7,DAIIIN_BRUDDA,0,290.0,0.12834947,True
8,DAIIIN_BRUDDA,0,315.0,0.361443,False
9,games5425898691,1,332.0,0.9082525,True
