,shot_taker_name,is_orange,time,xg,goal
0,games5425898691,0,0,0.019459076,False
1,enpitsu,0,39,0.77050966,True
2,vf09,1,70,0.27373508,True
3,Roufail,1,85,0.020542568,False
4,enpitsu,0,99,0.029378744,True
5,games5425898691,0,101,0.009849549,False
6,enpitsu,0,106,0.09448988,True
7,enpitsu,0,146,0.9459606,True
8,Roufail,1,160,0.08753555,False
9,Roufail,1,236,0.1586511,False
10,enpitsu,0,239,0.23978117,False
