,shot_taker_name,is_orange,time,xg,goal
0,games5425898691,0,0,0.024534022,False
1,enpitsu,0,39,0.35466358,True
2,vf09,1,70,0.2908633,True
3,Roufail,1,85,0.071748145,False
4,enpitsu,0,99,0.33218116,True
5,games5425898691,0,101,0.017867213,False
6,enpitsu,0,106,0.45944545,True
7,enpitsu,0,146,0.7584434,True
8,Roufail,1,160,0.11275514,False
9,Roufail,1,236,0.32943216,False
10,enpitsu,0,239,0.27860492,False
