,shot_taker_name,is_orange,time,xg,goal
0,games5425898691,0,0,0.017275719,False
1,enpitsu,0,39,0.5756805,True
2,vf09,1,70,0.3184798,True
3,Roufail,1,85,0.0685812,False
4,enpitsu,0,99,0.29782882,True
5,games5425898691,0,101,0.011917268,False
6,enpitsu,0,106,0.23484643,True
7,enpitsu,0,146,0.88907504,True
8,Roufail,1,160,0.06320708,False
9,Roufail,1,236,0.094369344,False
10,enpitsu,0,239,0.12685473,False
