,shot_taker_name,is_orange,time,xg,goal
0,games5425898691,0,0,0.0139240725,False
1,enpitsu,0,39,0.5549578,True
2,vf09,1,70,0.50127447,True
3,Roufail,1,85,0.058779128,False
4,enpitsu,0,99,0.34726948,True
5,games5425898691,0,101,0.02344436,False
6,enpitsu,0,106,0.2786312,True
7,enpitsu,0,146,0.8023741,True
8,Roufail,1,160,0.11533296,False
9,Roufail,1,236,0.15619317,False
10,enpitsu,0,239,0.12744105,False
