,shot_taker_name,is_orange,time,xg,goal
0,games5425898691,0,0,0.03634048,False
1,enpitsu,0,39,0.51729345,True
2,vf09,1,70,0.44560185,True
3,Roufail,1,85,0.059680942,False
4,enpitsu,0,99,0.11555729,True
5,games5425898691,0,101,0.010828894,False
6,enpitsu,0,106,0.55776656,True
7,enpitsu,0,146,0.8827044,True
8,Roufail,1,160,0.050143898,False
9,Roufail,1,236,0.42119378,False
10,enpitsu,0,239,0.24461272,False
