,shot_taker_name,is_orange,time,xg,goal
0,games5425898691,0,0,0.011069575,False
1,enpitsu,0,39,0.5432187,True
2,vf09,1,70,0.36449105,True
3,Roufail,1,85,0.057431836,False
4,enpitsu,0,99,0.3088287,True
5,games5425898691,0,101,0.01432183,False
6,enpitsu,0,106,0.6350053,True
7,enpitsu,0,146,0.9015721,True
8,Roufail,1,160,0.11339176,False
9,Roufail,1,236,0.17170978,False
10,enpitsu,0,239,0.36162958,False
