,shot_taker_name,is_orange,time,xg,goal
0,games5425898691,0,0,0.0069092736,False
1,enpitsu,0,39,0.9071161,True
2,vf09,1,70,0.6872796,True
3,Roufail,1,85,0.0037550998,False
4,enpitsu,0,99,0.0719486,True
5,games5425898691,0,101,0.0017748736,False
6,enpitsu,0,106,0.09048688,True
7,enpitsu,0,146,0.9764425,True
8,Roufail,1,160,0.02902213,False
9,Roufail,1,236,0.29133707,False
10,enpitsu,0,239,0.089682035,False
