,shot_taker_name,is_orange,time,xg,goal
0,games5425898691,0,0,0.00539761,False
1,enpitsu,0,39,0.5108461,True
2,vf09,1,70,0.46333635,True
3,Roufail,1,85,0.040254492,False
4,enpitsu,0,99,0.27596954,True
5,games5425898691,0,101,0.011865671,False
6,enpitsu,0,106,0.33911157,True
7,enpitsu,0,146,0.85265416,True
8,Roufail,1,160,0.13844907,False
9,Roufail,1,236,0.14362192,False
10,enpitsu,0,239,0.3623362,False
