,shot_taker_name,is_orange,time,xg,goal
0,skroos,1,41,0.7140504,True
1,enpitsu,0,45,0.039140392,False
2,skroos,1,67,0.7327871,True
3,games5425898691,0,95,0.6572177,True
4,games5425898691,0,124,0.7621709,True
5,Aerial Park,1,130,0.09147466,False
6,skroos,1,153,0.05628697,False
7,skroos,1,154,0.17271306,False
8,enpitsu,0,174,0.46525759,True
9,Aerial Park,1,299,0.6740388,False
10,Aerial Park,1,300,0.77067643,False
