,shot_taker_name,is_orange,time,xg,goal
0,skroos,1,41,0.69866383,True
1,enpitsu,0,45,0.11332554,False
2,skroos,1,67,0.56805277,True
3,games5425898691,0,95,0.47255045,True
4,games5425898691,0,124,0.7502174,True
5,Aerial Park,1,130,0.1285907,False
6,skroos,1,153,0.13839783,False
7,skroos,1,154,0.055112783,False
8,enpitsu,0,174,0.40859455,True
9,Aerial Park,1,299,0.7482402,False
10,Aerial Park,1,300,0.8083543,False
