,shot_taker_name,is_orange,time,xg,goal
0,skroos,1,41,0.7033857,True
1,enpitsu,0,45,0.035516333,False
2,skroos,1,67,0.6701503,True
3,games5425898691,0,95,0.47701746,True
4,games5425898691,0,124,0.7785569,True
5,Aerial Park,1,130,0.17308769,False
6,skroos,1,153,0.14031662,False
7,skroos,1,154,0.1533677,False
8,enpitsu,0,174,0.3204115,True
9,Aerial Park,1,299,0.71506166,False
10,Aerial Park,1,300,0.8529404,False
