,shot_taker_name,is_orange,time,xg,goal
0,skroos,1,41,0.7081997,True
1,enpitsu,0,45,0.07683248,False
2,skroos,1,67,0.67757934,True
3,games5425898691,0,95,0.6605728,True
4,games5425898691,0,124,0.8089467,True
5,Aerial Park,1,130,0.042294923,False
6,skroos,1,153,0.034740917,False
7,skroos,1,154,0.054297823,False
8,enpitsu,0,174,0.37884617,True
9,Aerial Park,1,299,0.7679698,False
10,Aerial Park,1,300,0.75855005,False
