,shot_taker_name,is_orange,time,xg,goal
0,Mars,1,36,0.10392257,False
1,enpitsu,0,36,0.1898289,False
2,Canfected,1,82,0.2953359,False
3,Canfected,1,95,0.04701606,False
4,Mars,1,99,0.700775,False
5,Mars,1,170,0.84164405,True
6,enpitsu,0,174,0.11847607,False
7,enpitsu,0,174,0.052823313,True
8,Mars,1,234,0.26447165,False
9,Canfected,1,270,0.050483406,False
10,games5425898691,0,270,0.16282165,False
11,Canfected,1,285,0.45617136,False
12,games5425898691,0,294,0.38087353,True
