,shot_taker_name,is_orange,time,xg,goal
0,Mars,1,36,0.06724701,False
1,enpitsu,0,36,0.24966347,False
2,Canfected,1,82,0.2866292,False
3,Canfected,1,95,0.08440379,False
4,Mars,1,99,0.33003026,False
5,Mars,1,170,0.8215698,True
6,enpitsu,0,174,0.18842523,False
7,enpitsu,0,174,0.0766763,True
8,Mars,1,234,0.326389,False
9,Canfected,1,270,0.061167493,False
10,games5425898691,0,270,0.2753794,False
11,Canfected,1,285,0.52181673,False
12,games5425898691,0,294,0.4949891,True
