,shot_taker_name,is_orange,time,xg,goal
0,Mars,1,36,0.14004728,False
1,enpitsu,0,36,0.14004461,False
2,Canfected,1,82,0.22405475,False
3,Canfected,1,95,0.048131317,False
4,Mars,1,99,0.53176457,False
5,Mars,1,170,0.9483346,True
6,enpitsu,0,174,0.19302602,False
7,enpitsu,0,174,0.023492016,True
8,Mars,1,234,0.28373808,False
9,Canfected,1,270,0.07757894,False
10,games5425898691,0,270,0.10864672,False
11,Canfected,1,285,0.44769776,False
12,games5425898691,0,294,0.45787644,True
