,shot_taker_name,is_orange,time,xg,goal
0,Mars,1,36,0.060720176,False
1,enpitsu,0,36,0.27831277,False
2,Canfected,1,82,0.30222556,False
3,Canfected,1,95,0.3519583,False
4,Mars,1,99,0.3850171,False
5,Mars,1,170,0.67176867,True
6,enpitsu,0,174,0.23087272,False
7,enpitsu,0,174,0.12670404,True
8,Mars,1,234,0.13313691,False
9,Canfected,1,270,0.031423353,False
10,games5425898691,0,270,0.28257802,False
11,Canfected,1,285,0.54863364,False
12,games5425898691,0,294,0.48365718,True
