,shot_taker_name,is_orange,time,xg,goal
0,toinaa,1,38.0,0.009335635,False
1,toinaa,1,39.0,0.9758041,True
2,games5425898691,0,39.0,0.0021067786,False
3,toinaa,1,56.0,0.46237144,False
4,toinaa,1,139.0,0.080157824,False
5,games5425898691,0,201.0,0.7698342,True
6,La Taverne De Grumpy,1,238.0,0.09887776,False
7,toinaa,1,304.0,0.38188416,True
