,shot_taker_name,is_orange,time,xg,goal
0,toinaa,1,38.0,0.111728415,False
1,toinaa,1,39.0,0.95918864,True
2,games5425898691,0,39.0,0.001630489,False
3,toinaa,1,56.0,0.07100971,False
4,toinaa,1,139.0,0.026655328,False
5,games5425898691,0,201.0,0.53681546,True
6,La Taverne De Grumpy,1,238.0,0.083952524,False
7,toinaa,1,304.0,0.23136882,True
