,shot_taker_name,is_orange,time,xg,goal
0,toinaa,1,38.0,0.04406333,False
1,toinaa,1,39.0,0.8769704,True
2,games5425898691,0,39.0,0.00083758304,False
3,toinaa,1,56.0,0.04385674,False
4,toinaa,1,139.0,0.1540452,False
5,games5425898691,0,201.0,0.70742184,True
6,La Taverne De Grumpy,1,238.0,0.029729791,False
7,toinaa,1,304.0,0.2731862,True
