,shot_taker_name,is_orange,time,xg,goal
0,toinaa,1,38.0,0.028871072,False
1,toinaa,1,39.0,0.8635073,True
2,games5425898691,0,39.0,0.0022233138,False
3,toinaa,1,56.0,0.05483318,False
4,toinaa,1,139.0,0.06115448,False
5,games5425898691,0,201.0,0.63182443,True
6,La Taverne De Grumpy,1,238.0,0.045562565,False
7,toinaa,1,304.0,0.18439057,True
