,shot_taker_name,is_orange,time,xg,goal
0,toinaa,1,38.0,0.06734125,False
1,toinaa,1,39.0,0.81752247,True
2,games5425898691,0,39.0,0.00301324,False
3,toinaa,1,56.0,0.0767576,False
4,toinaa,1,139.0,0.100815125,False
5,games5425898691,0,201.0,0.59253114,True
6,La Taverne De Grumpy,1,238.0,0.02362073,False
7,toinaa,1,304.0,0.21872893,True
