,shot_taker_name,is_orange,time,xg,goal
0,toinaa,1,38.0,0.038450755,False
1,toinaa,1,39.0,0.8408313,True
2,games5425898691,0,39.0,0.0069323652,False
3,toinaa,1,56.0,0.13675055,False
4,toinaa,1,139.0,0.09906145,False
5,games5425898691,0,201.0,0.7637223,True
6,La Taverne De Grumpy,1,238.0,0.045348216,False
7,toinaa,1,304.0,0.4006219,True
