,shot_taker_name,is_orange,time,xg,goal
0,toinaa,1,38.0,0.020419372,False
1,toinaa,1,39.0,0.8027915,True
2,games5425898691,0,39.0,0.0019917085,False
3,toinaa,1,56.0,0.16537866,False
4,toinaa,1,139.0,0.11862339,False
5,games5425898691,0,201.0,0.5943434,True
6,La Taverne De Grumpy,1,238.0,0.1926629,False
7,toinaa,1,304.0,0.18300416,True
