,shot_taker_name,is_orange,time,xg,goal
0,toinaa,1,38.0,0.030726716,False
1,toinaa,1,39.0,0.7320839,True
2,games5425898691,0,39.0,0.022691349,False
3,toinaa,1,56.0,0.24058902,False
4,toinaa,1,139.0,0.07224911,False
5,games5425898691,0,201.0,0.6749464,True
6,La Taverne De Grumpy,1,238.0,0.167131,False
7,toinaa,1,304.0,0.17449825,True
