,shot_taker_name,is_orange,time,xg,goal
0,games5425898691,0,44,0.6154289,True
1,topk!,1,54,0.47503263,True
2,WizeSpy,1,119,0.3377155,False
3,WizeSpy,1,162,0.19154468,False
4,topk!,1,168,0.8302542,True
5,WizeSpy,1,178,0.23927516,False
6,topk!,1,196,0.725014,True
7,topk!,1,230,0.04611507,False
8,WizeSpy,1,232,0.7729008,True
9,WizeSpy,1,262,0.3199177,True
10,games5425898691,0,264,0.021030895,False
11,enpitsu,0,270,0.4683649,False
