,shot_taker_name,is_orange,time,xg,goal
0,games5425898691,0,44,0.3693052,True
1,topk!,1,54,0.5045585,True
2,WizeSpy,1,119,0.24670687,False
3,WizeSpy,1,162,0.255562,False
4,topk!,1,168,0.81734866,True
5,WizeSpy,1,178,0.27724007,False
6,topk!,1,196,0.7760495,True
7,topk!,1,230,0.22628321,False
8,WizeSpy,1,232,0.73663527,True
9,WizeSpy,1,262,0.2871662,True
10,games5425898691,0,264,0.0418439,False
11,enpitsu,0,270,0.55227655,False
