,shot_taker_name,is_orange,time,xg,goal
0,games5425898691,0,44,0.56166905,True
1,topk!,1,54,0.7605742,True
2,WizeSpy,1,119,0.25358698,False
3,WizeSpy,1,162,0.144105,False
4,topk!,1,168,0.90444493,True
5,WizeSpy,1,178,0.2933056,False
6,topk!,1,196,0.5801405,True
7,topk!,1,230,0.036377426,False
8,WizeSpy,1,232,0.6223333,True
9,WizeSpy,1,262,0.10734605,True
10,games5425898691,0,264,0.020358913,False
11,enpitsu,0,270,0.36070374,False
