,shot_taker_name,is_orange,time,xg,goal
0,games5425898691,0,44,0.70533663,True
1,topk!,1,54,0.42980558,True
2,WizeSpy,1,119,0.53807515,False
3,WizeSpy,1,162,0.16678366,False
4,topk!,1,168,0.6640199,True
5,WizeSpy,1,178,0.35021907,False
6,topk!,1,196,0.6979683,True
7,topk!,1,230,0.07268633,False
8,WizeSpy,1,232,0.75297827,True
9,WizeSpy,1,262,0.42579952,True
10,games5425898691,0,264,0.026646305,False
11,enpitsu,0,270,0.5336699,False
