,shot_taker_name,is_orange,time,xg,goal
0,Graça - O Casual,1,22,0.11495882,False
1,games5425898691,0,119,0.8594712,True
2,Graça - O Casual,1,124,0.026705733,False
3,Bartolomeu_oateu,1,132,0.050826263,False
4,games5425898691,0,144,0.71908754,True
5,Graça - O Casual,1,153,0.6374773,False
6,Graça - O Casual,1,153,0.6511128,False
7,games5425898691,0,224,0.79401606,True
8,games5425898691,0,229,0.7063957,True
