,shot_taker_name,is_orange,time,xg,goal
0,Graça - O Casual,1,22,0.1483457,False
1,games5425898691,0,119,0.8373203,True
2,Graça - O Casual,1,124,0.024537235,False
3,Bartolomeu_oateu,1,132,0.06850423,False
4,games5425898691,0,144,0.66223407,True
5,Graça - O Casual,1,153,0.739521,False
6,Graça - O Casual,1,153,0.5833389,False
7,games5425898691,0,224,0.7853903,True
8,games5425898691,0,229,0.50982153,True
