,shot_taker_name,is_orange,time,xg,goal
0,Graça - O Casual,1,22,0.08695354,False
1,games5425898691,0,119,0.73340404,True
2,Graça - O Casual,1,124,0.014730995,False
3,Bartolomeu_oateu,1,132,0.28559572,False
4,games5425898691,0,144,0.7700163,True
5,Graça - O Casual,1,153,0.41873288,False
6,Graça - O Casual,1,153,0.39607546,False
7,games5425898691,0,224,0.7521365,True
8,games5425898691,0,229,0.7937717,True
