,shot_taker_name,is_orange,time,xg,goal
0,Graça - O Casual,1,22,0.043384437,False
1,games5425898691,0,119,0.8417208,True
2,Graça - O Casual,1,124,0.012549227,False
3,Bartolomeu_oateu,1,132,0.11852501,False
4,games5425898691,0,144,0.64381,True
5,Graça - O Casual,1,153,0.83239484,False
6,Graça - O Casual,1,153,0.76889056,False
7,games5425898691,0,224,0.757752,True
8,games5425898691,0,229,0.6920686,True
