,shot_taker_name,is_orange,time,xg,goal
0,Graça - O Casual,1,22,0.36434445,False
1,games5425898691,0,119,0.86658585,True
2,Graça - O Casual,1,124,0.023287645,False
3,Bartolomeu_oateu,1,132,0.0989289,False
4,games5425898691,0,144,0.79156107,True
5,Graça - O Casual,1,153,0.70093167,False
6,Graça - O Casual,1,153,0.69244224,False
7,games5425898691,0,224,0.81516796,True
8,games5425898691,0,229,0.50881606,True
