,shot_taker_name,is_orange,time,xg,goal
0,Graça - O Casual,1,22,0.13051382,False
1,games5425898691,0,119,0.7750671,True
2,Graça - O Casual,1,124,0.03862219,False
3,Bartolomeu_oateu,1,132,0.15506575,False
4,games5425898691,0,144,0.83985883,True
5,Graça - O Casual,1,153,0.5437617,False
6,Graça - O Casual,1,153,0.60509646,False
7,games5425898691,0,224,0.73408824,True
8,games5425898691,0,229,0.61264247,True
