,shot_taker_name,is_orange,time,xg,goal
0,Graça - O Casual,1,22,0.1487359,False
1,games5425898691,0,119,0.56563884,True
2,Graça - O Casual,1,124,0.0371316,False
3,Bartolomeu_oateu,1,132,0.24893217,False
4,games5425898691,0,144,0.85256755,True
5,Graça - O Casual,1,153,0.4843667,False
6,Graça - O Casual,1,153,0.6347774,False
7,games5425898691,0,224,0.8523567,True
8,games5425898691,0,229,0.7013921,True
