,shot_taker_name,is_orange,time,xg,goal
0,Graça - O Casual,1,22,0.053837363,False
1,games5425898691,0,119,0.55555254,True
2,Graça - O Casual,1,124,0.015354914,False
3,Bartolomeu_oateu,1,132,0.07517133,False
4,games5425898691,0,144,0.49902618,True
5,Graça - O Casual,1,153,0.651602,False
6,Graça - O Casual,1,153,0.67111,False
7,games5425898691,0,224,0.87635356,True
8,games5425898691,0,229,0.41210163,True
