,shot_taker_name,is_orange,time,xg,goal
0,vertu1131,1,0,0.0029839338,False
1,vertu1131,1,109,0.07638855,False
2,games5425898691,0,135,0.056886833,True
3,vertu1131,1,138,0.0031702137,False
4,vertu1131,1,187,0.5049606,False
5,XJTXTRX,1,214,0.075364724,False
6,XJTXTRX,1,268,0.040981885,False
7,enpitsu,0,278,0.69982356,False
8,enpitsu,0,278,0.7589113,True
