,shot_taker_name,is_orange,time,xg,goal
0,vertu1131,1,0,0.0013467529,False
1,vertu1131,1,109,0.06512142,False
2,games5425898691,0,135,0.06858422,True
3,vertu1131,1,138,0.00512076,False
4,vertu1131,1,187,0.35107198,False
5,XJTXTRX,1,214,0.15698946,False
6,XJTXTRX,1,268,0.072751924,False
7,enpitsu,0,278,0.4492704,False
8,enpitsu,0,278,0.6967776,True
