,shot_taker_name,is_orange,time,xg,goal
0,Rengoku,1,21.0,0.21539631,False
1,Rengoku,1,51.0,0.16248024,False
2,games5425898691,0,71.0,0.1377322,True
3,Okta_n,1,86.0,0.103767514,False
4,enpitsu,0,111.0,0.2525779,False
5,Rengoku,1,117.0,0.8359898,True
6,games5425898691,0,134.0,0.793178,True
7,Rengoku,1,147.0,0.93428546,True
8,enpitsu,0,203.0,0.3868709,True
9,Okta_n,1,257.0,0.13375641,False
10,Okta_n,1,300.0,0.5172532,False
