,shot_taker_name,is_orange,time,xg,goal
0,Rengoku,1,21.0,0.115100875,False
1,Rengoku,1,51.0,0.56739354,False
2,games5425898691,0,71.0,0.077536255,True
3,Okta_n,1,86.0,0.41073617,False
4,enpitsu,0,111.0,0.13571599,False
5,Rengoku,1,117.0,0.8352018,True
6,games5425898691,0,134.0,0.88221335,True
7,Rengoku,1,147.0,0.9274725,True
8,enpitsu,0,203.0,0.5246434,True
9,Okta_n,1,257.0,0.13522753,False
10,Okta_n,1,300.0,0.7307515,False
