,shot_taker_name,is_orange,time,xg,goal
0,Rengoku,1,21.0,0.5030132,False
1,Rengoku,1,51.0,0.3109362,False
2,games5425898691,0,71.0,0.06693155,True
3,Okta_n,1,86.0,0.27026477,False
4,enpitsu,0,111.0,0.255922,False
5,Rengoku,1,117.0,0.75273484,True
6,games5425898691,0,134.0,0.71620744,True
7,Rengoku,1,147.0,0.91274744,True
8,enpitsu,0,203.0,0.736529,True
9,Okta_n,1,257.0,0.0912045,False
10,Okta_n,1,300.0,0.56662464,False
