,shot_taker_name,is_orange,time,xg,goal
0,Rengoku,1,21.0,0.20124157,False
1,Rengoku,1,51.0,0.74102396,False
2,games5425898691,0,71.0,0.10422672,True
3,Okta_n,1,86.0,0.7163923,False
4,enpitsu,0,111.0,0.5172732,False
5,Rengoku,1,117.0,0.83898395,True
6,games5425898691,0,134.0,0.69769806,True
7,Rengoku,1,147.0,0.9969216,True
8,enpitsu,0,203.0,0.6963652,True
9,Okta_n,1,257.0,0.15609981,False
10,Okta_n,1,300.0,0.5160234,False
