,shot_taker_name,is_orange,time,xg,goal
0,Rengoku,1,21.0,0.1115272,False
1,Rengoku,1,51.0,0.34806126,False
2,games5425898691,0,71.0,0.18950559,True
3,Okta_n,1,86.0,0.09599089,False
4,enpitsu,0,111.0,0.14578183,False
5,Rengoku,1,117.0,0.90020275,True
6,games5425898691,0,134.0,0.82381225,True
7,Rengoku,1,147.0,0.95626086,True
8,enpitsu,0,203.0,0.5771139,True
9,Okta_n,1,257.0,0.13667835,False
10,Okta_n,1,300.0,0.43283424,False
