,shot_taker_name,is_orange,time,xg,goal
0,Rengoku,1,21.0,0.1306108,False
1,Rengoku,1,51.0,0.23961426,False
2,games5425898691,0,71.0,0.12062672,True
3,Okta_n,1,86.0,0.10220254,False
4,enpitsu,0,111.0,0.20334962,False
5,Rengoku,1,117.0,0.64700645,True
6,games5425898691,0,134.0,0.79923415,True
7,Rengoku,1,147.0,0.9085299,True
8,enpitsu,0,203.0,0.5018094,True
9,Okta_n,1,257.0,0.07471649,False
10,Okta_n,1,300.0,0.4688977,False
