,shot_taker_name,is_orange,time,xg,goal
0,Rengoku,1,21.0,0.1793305,False
1,Rengoku,1,51.0,0.11927529,False
2,games5425898691,0,71.0,0.03685775,True
3,Okta_n,1,86.0,0.09522245,False
4,enpitsu,0,111.0,0.11980881,False
5,Rengoku,1,117.0,0.8323389,True
6,games5425898691,0,134.0,0.70543617,True
7,Rengoku,1,147.0,0.9116844,True
8,enpitsu,0,203.0,0.52363074,True
9,Okta_n,1,257.0,0.4204957,False
10,Okta_n,1,300.0,0.42000628,False
