,shot_taker_name,is_orange,time,xg,goal
0,Rengoku,1,21.0,0.085377805,False
1,Rengoku,1,51.0,0.3112341,False
2,games5425898691,0,71.0,0.181826,True
3,Okta_n,1,86.0,0.29589984,False
4,enpitsu,0,111.0,0.23401922,False
5,Rengoku,1,117.0,0.8989227,True
6,games5425898691,0,134.0,0.71872115,True
7,Rengoku,1,147.0,0.96981627,True
8,enpitsu,0,203.0,0.9097767,True
9,Okta_n,1,257.0,0.10434367,False
10,Okta_n,1,300.0,0.31416,False
