,shot_taker_name,is_orange,time,xg,goal
0,Banksi,0,20.0,0.44970307,True
1,Banksi,0,70.0,0.001844776,False
2,enpitsu,1,78.0,0.10716511,False
3,Banksi,0,91.0,0.24763365,False
4,marco,0,117.0,0.86446106,True
5,marco,0,138.0,0.23447306,True
6,enpitsu,1,144.0,0.06078149,False
7,enpitsu,1,145.0,0.05364719,False
8,enpitsu,1,145.0,0.42988768,False
9,Banksi,0,164.0,0.22551098,False
10,marco,0,178.0,0.75423616,True
