,shot_taker_name,is_orange,time,xg,goal
0,Banksi,0,20.0,0.5676973,True
1,Banksi,0,70.0,0.0031277672,False
2,enpitsu,1,78.0,0.026677432,False
3,Banksi,0,91.0,0.26401815,False
4,marco,0,117.0,0.9162582,True
5,marco,0,138.0,0.27629423,True
6,enpitsu,1,144.0,0.08579683,False
7,enpitsu,1,145.0,0.083375335,False
8,enpitsu,1,145.0,0.471511,False
9,Banksi,0,164.0,0.24373403,False
10,marco,0,178.0,0.6626998,True
