,shot_taker_name,is_orange,time,xg,goal
0,Banksi,0,20.0,0.4919483,True
1,Banksi,0,70.0,0.0042816265,False
2,enpitsu,1,78.0,0.047008414,False
3,Banksi,0,91.0,0.29455492,False
4,marco,0,117.0,0.71656615,True
5,marco,0,138.0,0.20415144,True
6,enpitsu,1,144.0,0.03744669,False
7,enpitsu,1,145.0,0.04096688,False
8,enpitsu,1,145.0,0.48403057,False
9,Banksi,0,164.0,0.28605232,False
10,marco,0,178.0,0.8099127,True
