,shot_taker_name,is_orange,time,xg,goal
0,Banksi,0,20.0,0.35034743,True
1,Banksi,0,70.0,0.0036097,False
2,enpitsu,1,78.0,0.108746134,False
3,Banksi,0,91.0,0.15996075,False
4,marco,0,117.0,0.8538531,True
5,marco,0,138.0,0.281187,True
6,enpitsu,1,144.0,0.03413945,False
7,enpitsu,1,145.0,0.03329543,False
8,enpitsu,1,145.0,0.50106907,False
9,Banksi,0,164.0,0.22693405,False
10,marco,0,178.0,0.80331236,True
