,shot_taker_name,is_orange,time,xg,goal
0,jesus_criminal,0,31,0.5856385,True
1,PatchGR,0,102,0.1266641,True
2,enpitsu,1,132,0.8015689,False
3,enpitsu,1,165,0.5588969,False
4,enpitsu,1,191,0.4552758,True
5,PatchGR,0,202,0.242513,False
6,jesus_criminal,0,203,0.38294318,True
7,PatchGR,0,220,0.3400318,False
8,PatchGR,0,249,0.81727636,False
9,PatchGR,0,262,0.73490804,True
10,games5425898691,1,265,0.033295322,False
11,enpitsu,1,282,0.80585265,True
12,games5425898691,1,293,0.6567002,True
