,shot_taker_name,is_orange,time,xg,goal
0,jesus_criminal,0,31,0.67060465,True
1,PatchGR,0,102,0.04521446,True
2,enpitsu,1,132,0.9642312,False
3,enpitsu,1,165,0.51809174,False
4,enpitsu,1,191,0.36153564,True
5,PatchGR,0,202,0.2903964,False
6,jesus_criminal,0,203,0.3726714,True
7,PatchGR,0,220,0.12343475,False
8,PatchGR,0,249,0.39825252,False
9,PatchGR,0,262,0.42021108,True
10,games5425898691,1,265,0.030962126,False
11,enpitsu,1,282,0.79975337,True
12,games5425898691,1,293,0.55375457,True
