,shot_taker_name,is_orange,time,xg,goal
0,jesus_criminal,0,31,0.8599775,True
1,PatchGR,0,102,0.024132926,True
2,enpitsu,1,132,0.9816372,False
3,enpitsu,1,165,0.53078765,False
4,enpitsu,1,191,0.47025916,True
5,PatchGR,0,202,0.01914813,False
6,jesus_criminal,0,203,0.3549737,True
7,PatchGR,0,220,0.17411786,False
8,PatchGR,0,249,0.6679903,False
9,PatchGR,0,262,0.33159202,True
10,games5425898691,1,265,0.054709673,False
11,enpitsu,1,282,0.46383798,True
12,games5425898691,1,293,0.8538158,True
