,shot_taker_name,is_orange,time,xg,goal
0,jesus_criminal,0,31,0.8241364,True
1,PatchGR,0,102,0.14307387,True
2,enpitsu,1,132,0.8627738,False
3,enpitsu,1,165,0.34599385,False
4,enpitsu,1,191,0.34233314,True
5,PatchGR,0,202,0.30349293,False
6,jesus_criminal,0,203,0.38461116,True
7,PatchGR,0,220,0.07695234,False
8,PatchGR,0,249,0.6550607,False
9,PatchGR,0,262,0.9093453,True
10,games5425898691,1,265,0.027827395,False
11,enpitsu,1,282,0.8646293,True
12,games5425898691,1,293,0.75310016,True
