,shot_taker_name,is_orange,time,xg,goal
0,jesus_criminal,0,31,0.5644657,True
1,PatchGR,0,102,0.19723845,True
2,enpitsu,1,132,0.87253046,False
3,enpitsu,1,165,0.40623423,False
4,enpitsu,1,191,0.39813676,True
5,PatchGR,0,202,0.333216,False
6,jesus_criminal,0,203,0.239664,True
7,PatchGR,0,220,0.3416678,False
8,PatchGR,0,249,0.8481801,False
9,PatchGR,0,262,0.7720115,True
10,games5425898691,1,265,0.016153032,False
11,enpitsu,1,282,0.6261112,True
12,games5425898691,1,293,0.6249926,True
