,shot_taker_name,is_orange,time,xg,goal
0,jesus_criminal,0,31,0.49440947,True
1,PatchGR,0,102,0.09546357,True
2,enpitsu,1,132,0.8734342,False
3,enpitsu,1,165,0.45995885,False
4,enpitsu,1,191,0.27279347,True
5,PatchGR,0,202,0.18240245,False
6,jesus_criminal,0,203,0.1687518,True
7,PatchGR,0,220,0.19402048,False
8,PatchGR,0,249,0.8723568,False
9,PatchGR,0,262,0.75998497,True
10,games5425898691,1,265,0.022582022,False
11,enpitsu,1,282,0.7955546,True
12,games5425898691,1,293,0.8044717,True
