,shot_taker_name,is_orange,time,xg,goal
0,jesus_criminal,0,31,0.81346285,True
1,PatchGR,0,102,0.08006723,True
2,enpitsu,1,132,0.92974854,False
3,enpitsu,1,165,0.4191903,False
4,enpitsu,1,191,0.1605214,True
5,PatchGR,0,202,0.2581266,False
6,jesus_criminal,0,203,0.6303545,True
7,PatchGR,0,220,0.22579226,False
8,PatchGR,0,249,0.22923662,False
9,PatchGR,0,262,0.78883195,True
10,games5425898691,1,265,0.051070534,False
11,enpitsu,1,282,0.7039315,True
12,games5425898691,1,293,0.512774,True
