,shot_taker_name,is_orange,time,xg,goal
0,jesus_criminal,0,31,0.836159,True
1,PatchGR,0,102,0.034602936,True
2,enpitsu,1,132,0.97361904,False
3,enpitsu,1,165,0.44333184,False
4,enpitsu,1,191,0.29347056,True
5,PatchGR,0,202,0.09773302,False
6,jesus_criminal,0,203,0.1751276,True
7,PatchGR,0,220,0.0222457,False
8,PatchGR,0,249,0.77887887,False
9,PatchGR,0,262,0.74156153,True
10,games5425898691,1,265,0.159808,False
11,enpitsu,1,282,0.82485574,True
12,games5425898691,1,293,0.20885319,True
